Workbook

Sheet 配信用グラフ
Q1: 2026/6/20時点

Sheet 表
D1: 要確認
D2: 参照保留 | O2: 自動 | P2: 自動 | Q2: 自動 | R2: 自動 | S2: 自動 | T2: 自動 | U2: 自動
D3: 自動入力 | E3: 自動 | F3: 自動 | G3: 手入力 | H3: 自動 | I3: 自動 | J3: 自動 | L3: 自動 | M3: 自動 | O3: 工程
B4: 工番番号 | C4: 工事名,納期 | D4: 目標時間 | E4: 全体実数 | F4: 差 | G4: W割合 | H4: 進捗% | I4: 鍛冶目標 | J4: 鍛冶実数 | K4: 差 | L4: 溶接目標 | M4: 溶接実数 | N4: 差 | O4: 組前 | P4: 組立 | Q4: 溶接 | R4: 歪取り | S4: 塗装 | T4: 仕上げ | U4: 過去平均時間 | V4: 製作完了予想時間 | W4: 予想時間と目標時間との差
A5: 道 | B5: 251004 | C5: =INDEX(道姓班!$C$5:$C$194,MATCH(表!$B5,道姓班!$B$5:$B$194,0)) -> 養老IC 小倉高架橋P28 8/30 | D5: =INDEX(道姓班!$B$5:$B$194,MATCH(表!$B5,道姓班!$B$5:$B$194,0)+3) -> 538 | E5: =SUM(O5:T5) -> 392 | F5: =D5-E5 -> 146 | G5: 33 | H5: =INDEX(道姓班!$E$5:$E$194,MATCH(表!$B5,道姓班!$B$5:$B$194,0)+8) -> 100 | I5: =D5-L5 -> 360.46 | J5: =E5-M5 -> 273 | K5: =I5-J5 -> 87.46 | L5: =D5*G5*0.01 -> 177.54 | M5: =Q5 -> 119 | N5: =L5-M5 -> 58.54 | O5: =INDEX(道姓班!$D$5:$D$194,MATCH(表!$B5,道姓班!$B$5:$B$194,0)+1) -> 107 | P5: =INDEX(道姓班!$D$5:$D$194,MATCH(表!$B5,道姓班!$B$5:$B$194,0)+2) -> 47 | Q5: =INDEX(道姓班!$D$5:$D$194,MATCH(表!$B5,道姓班!$B$5:$B$194,0)+3) -> 119 | R5: =INDEX(道姓班!$D$5:$D$194,MATCH(表!$B5,道姓班!$B$5:$B$194,0)+4) -> 27 | S5: =INDEX(道姓班!$D$5:$D$194,MATCH(表!$B5,道姓班!$B$5:$B$194,0)+5) -> 34 | T5: =INDEX(道姓班!$D$5:$D$194,MATCH(表!$B5,道姓班!$B$5:$B$194,0)+6) -> 58 | U5: =INDEX(道姓班!$G$5:$G$194,MATCH(表!$B5,道姓班!$B$5:$B$194,0)+7) -> 456.71585 | V5: =SUM(E5/H5)*100 -> 392 | W5: =D5-V5 -> 146
B6: 24Z009 | C6: =INDEX(道姓班!$C$5:$C$194,MATCH(表!$B6,道姓班!$B$5:$B$194,0)) -> 養老IC大跡高架橋BR1P10 6/中 | D6: =INDEX(道姓班!$B$5:$B$194,MATCH(表!$B6,道姓班!$B$5:$B$194,0)+3) -> 590 | E6: =SUM(O6:T6) -> 421 | F6: =D6-E6 -> 169 | G6: 34 | H6: =INDEX(道姓班!$E$5:$E$194,MATCH(表!$B6,道姓班!$B$5:$B$194,0)+8) -> 100 | I6: =D6-L6 -> 389.4 | J6: =E6-M6 -> 298 | K6: =I6-J6 -> 91.4 | L6: =D6*G6*0.01 -> 200.6 | M6: =Q6 -> 123 | N6: =L6-M6 -> 77.6 | O6: =INDEX(道姓班!$D$5:$D$194,MATCH(表!$B6,道姓班!$B$5:$B$194,0)+1) -> 113 | P6: =INDEX(道姓班!$D$5:$D$194,MATCH(表!$B6,道姓班!$B$5:$B$194,0)+2) -> 58 | Q6: =INDEX(道姓班!$D$5:$D$194,MATCH(表!$B6,道姓班!$B$5:$B$194,0)+3) -> 123 | R6: =INDEX(道姓班!$D$5:$D$194,MATCH(表!$B6,道姓班!$B$5:$B$194,0)+4) -> 42 | S6: =INDEX(道姓班!$D$5:$D$194,MATCH(表!$B6,道姓班!$B$5:$B$194,0)+5) -> 32 | T6: =INDEX(道姓班!$D$5:$D$194,MATCH(表!$B6,道姓班!$B$5:$B$194,0)+6) -> 53 | U6: =INDEX(道姓班!$G$5:$G$194,MATCH(表!$B6,道姓班!$B$5:$B$194,0)+7) -> 480.97612 | V6: =SUM(E6/H6)*100 -> 421 | W6: =D6-V6 -> 169
B7: 251020 | C7: =INDEX(道姓班!$C$5:$C$194,MATCH(表!$B7,道姓班!$B$5:$B$194,0)) -> 畦地第二橋A1A2 27/2/15 | D7: =INDEX(道姓班!$B$5:$B$194,MATCH(表!$B7,道姓班!$B$5:$B$194,0)+3) -> 671 | E7: =SUM(O7:T7) -> 639 | F7: =D7-E7 -> 32 | G7: 33 | H7: =INDEX(道姓班!$E$5:$E$194,MATCH(表!$B7,道姓班!$B$5:$B$194,0)+8) -> 90 | I7: =D7-L7 -> 449.57 | J7: =E7-M7 -> 446 | K7: =I7-J7 -> 3.57 | L7: =D7*G7*0.01 -> 221.43 | M7: =Q7 -> 193 | N7: =L7-M7 -> 28.43 | O7: =INDEX(道姓班!$D$5:$D$194,MATCH(表!$B7,道姓班!$B$5:$B$194,0)+1) -> 252 | P7: =INDEX(道姓班!$D$5:$D$194,MATCH(表!$B7,道姓班!$B$5:$B$194,0)+2) -> 95 | Q7: =INDEX(道姓班!$D$5:$D$194,MATCH(表!$B7,道姓班!$B$5:$B$194,0)+3) -> 193 | R7: =INDEX(道姓班!$D$5:$D$194,MATCH(表!$B7,道姓班!$B$5:$B$194,0)+4) -> 60 | S7: =INDEX(道姓班!$D$5:$D$194,MATCH(表!$B7,道姓班!$B$5:$B$194,0)+5) -> 0 | T7: =INDEX(道姓班!$D$5:$D$194,MATCH(表!$B7,道姓班!$B$5:$B$194,0)+6) -> 39 | U7: =INDEX(道姓班!$G$5:$G$194,MATCH(表!$B7,道姓班!$B$5:$B$194,0)+7) -> 574.73951 | V7: =SUM(E7/H7)*100 -> 710 | W7: =D7-V7 -> -39
B8: 253009-02 | C8: =INDEX(道姓班!$C$5:$C$194,MATCH(表!$B8,道姓班!$B$5:$B$194,0)) -> 関西空港ﾉｯｸｵﾌP7桁付 10/1 | D8: =INDEX(道姓班!$B$5:$B$194,MATCH(表!$B8,道姓班!$B$5:$B$194,0)+3) -> 317 | E8: =SUM(O8:T8) -> 482 | F8: =D8-E8 -> -165 | G8: 30 | H8: =INDEX(道姓班!$E$5:$E$194,MATCH(表!$B8,道姓班!$B$5:$B$194,0)+8) -> 100 | I8: =D8-L8 -> 221.9 | J8: =E8-M8 -> 189 | K8: =I8-J8 -> 32.9 | L8: =D8*G8*0.01 -> 95.1 | M8: =Q8 -> 293 | N8: =L8-M8 -> -197.9 | O8: =INDEX(道姓班!$D$5:$D$194,MATCH(表!$B8,道姓班!$B$5:$B$194,0)+1) -> 86 | P8: =INDEX(道姓班!$D$5:$D$194,MATCH(表!$B8,道姓班!$B$5:$B$194,0)+2) -> 56 | Q8: =INDEX(道姓班!$D$5:$D$194,MATCH(表!$B8,道姓班!$B$5:$B$194,0)+3) -> 293 | R8: =INDEX(道姓班!$D$5:$D$194,MATCH(表!$B8,道姓班!$B$5:$B$194,0)+4) -> 19 | S8: =INDEX(道姓班!$D$5:$D$194,MATCH(表!$B8,道姓班!$B$5:$B$194,0)+5) -> 0 | T8: =INDEX(道姓班!$D$5:$D$194,MATCH(表!$B8,道姓班!$B$5:$B$194,0)+6) -> 28 | U8: =INDEX(道姓班!$G$5:$G$194,MATCH(表!$B8,道姓班!$B$5:$B$194,0)+7) -> 300 | V8: =SUM(E8/H8)*100 -> 482 | W8: =D8-V8 -> -165
B9: 253010-02 | C9: =INDEX(道姓班!$C$5:$C$194,MATCH(表!$B9,道姓班!$B$5:$B$194,0)) -> 関西空港ﾉｯｸｵﾌP18桁付 12/1→2/1 | D9: =INDEX(道姓班!$B$5:$B$194,MATCH(表!$B9,道姓班!$B$5:$B$194,0)+3) -> 665 | E9: =SUM(O9:T9) -> 429 | F9: =D9-E9 -> 236 | G9: 30 | H9: =INDEX(道姓班!$E$5:$E$194,MATCH(表!$B9,道姓班!$B$5:$B$194,0)+8) -> 75 | I9: =D9-L9 -> 465.5 | J9: =E9-M9 -> 184 | K9: =I9-J9 -> 281.5 | L9: =D9*G9*0.01 -> 199.5 | M9: =Q9 -> 245 | N9: =L9-M9 -> -45.5 | O9: =INDEX(道姓班!$D$5:$D$194,MATCH(表!$B9,道姓班!$B$5:$B$194,0)+1) -> 87 | P9: =INDEX(道姓班!$D$5:$D$194,MATCH(表!$B9,道姓班!$B$5:$B$194,0)+2) -> 59 | Q9: =INDEX(道姓班!$D$5:$D$194,MATCH(表!$B9,道姓班!$B$5:$B$194,0)+3) -> 245 | R9: =INDEX(道姓班!$D$5:$D$194,MATCH(表!$B9,道姓班!$B$5:$B$194,0)+4) -> 14 | S9: =INDEX(道姓班!$D$5:$D$194,MATCH(表!$B9,道姓班!$B$5:$B$194,0)+5) -> 0 | T9: =INDEX(道姓班!$D$5:$D$194,MATCH(表!$B9,道姓班!$B$5:$B$194,0)+6) -> 24 | U9: =INDEX(道姓班!$G$5:$G$194,MATCH(表!$B9,道姓班!$B$5:$B$194,0)+7) -> 0 | V9: =SUM(E9/H9)*100 -> 572 | W9: =D9-V9 -> 93
B10: 253043 | C10: =INDEX(道姓班!$C$5:$C$194,MATCH(表!$B10,道姓班!$B$5:$B$194,0)) -> 関西空港ﾉｯｸｵﾌP14脚付 塗前6/中 | D10: =INDEX(道姓班!$B$5:$B$194,MATCH(表!$B10,道姓班!$B$5:$B$194,0)+3) -> 367 | E10: =SUM(O10:T10) -> 529 | F10: =D10-E10 -> -162 | G10: 30 | H10: =INDEX(道姓班!$E$5:$E$194,MATCH(表!$B10,道姓班!$B$5:$B$194,0)+8) -> 75 | I10: =D10-L10 -> 256.9 | J10: =E10-M10 -> 290 | K10: =I10-J10 -> -33.1 | L10: =D10*G10*0.01 -> 110.1 | M10: =Q10 -> 239 | N10: =L10-M10 -> -128.9 | O10: =INDEX(道姓班!$D$5:$D$194,MATCH(表!$B10,道姓班!$B$5:$B$194,0)+1) -> 190 | P10: =INDEX(道姓班!$D$5:$D$194,MATCH(表!$B10,道姓班!$B$5:$B$194,0)+2) -> 63 | Q10: =INDEX(道姓班!$D$5:$D$194,MATCH(表!$B10,道姓班!$B$5:$B$194,0)+3) -> 239 | R10: =INDEX(道姓班!$D$5:$D$194,MATCH(表!$B10,道姓班!$B$5:$B$194,0)+4) -> 6 | S10: =INDEX(道姓班!$D$5:$D$194,MATCH(表!$B10,道姓班!$B$5:$B$194,0)+5) -> 0 | T10: =INDEX(道姓班!$D$5:$D$194,MATCH(表!$B10,道姓班!$B$5:$B$194,0)+6) -> 31 | U10: =INDEX(道姓班!$G$5:$G$194,MATCH(表!$B10,道姓班!$B$5:$B$194,0)+7) -> 0 | V10: =SUM(E10/H10)*100 -> 705.33333 | W10: =D10-V10 -> -338.33333
B11: 253011 | C11: =INDEX(道姓班!$C$5:$C$194,MATCH(表!$B11,道姓班!$B$5:$B$194,0)) -> 関西空港ﾉｯｸｵﾌP14桁付 12/1 | D11: =INDEX(道姓班!$B$5:$B$194,MATCH(表!$B11,道姓班!$B$5:$B$194,0)+3) -> 1095 | E11: =SUM(O11:T11) -> 290 | F11: =D11-E11 -> 805 | G11: 30 | H11: =INDEX(道姓班!$E$5:$E$194,MATCH(表!$B11,道姓班!$B$5:$B$194,0)+8) -> 40 | I11: =D11-L11 -> 766.5 | J11: =E11-M11 -> 172 | K11: =I11-J11 -> 594.5 | L11: =D11*G11*0.01 -> 328.5 | M11: =Q11 -> 118 | N11: =L11-M11 -> 210.5 | O11: =INDEX(道姓班!$D$5:$D$194,MATCH(表!$B11,道姓班!$B$5:$B$194,0)+1) -> 157 | P11: =INDEX(道姓班!$D$5:$D$194,MATCH(表!$B11,道姓班!$B$5:$B$194,0)+2) -> 15 | Q11: =INDEX(道姓班!$D$5:$D$194,MATCH(表!$B11,道姓班!$B$5:$B$194,0)+3) -> 118 | R11: =INDEX(道姓班!$D$5:$D$194,MATCH(表!$B11,道姓班!$B$5:$B$194,0)+4) -> 0 | S11: =INDEX(道姓班!$D$5:$D$194,MATCH(表!$B11,道姓班!$B$5:$B$194,0)+5) -> 0 | T11: =INDEX(道姓班!$D$5:$D$194,MATCH(表!$B11,道姓班!$B$5:$B$194,0)+6) -> 0 | U11: =INDEX(道姓班!$G$5:$G$194,MATCH(表!$B11,道姓班!$B$5:$B$194,0)+7) -> 0 | V11: =SUM(E11/H11)*100 -> 725 | W11: =D11-V11 -> 370
B12: 247023-03 | C12: =INDEX(道姓班!$C$5:$C$194,MATCH(表!$B12,道姓班!$B$5:$B$194,0)) -> 養老IC本線他3橋 小倉P44,A2 5/末6月 | D12: =INDEX(道姓班!$B$5:$B$194,MATCH(表!$B12,道姓班!$B$5:$B$194,0)+3) -> 861 | E12: =SUM(O12:T12) -> 851 | F12: =D12-E12 -> 10 | G12: 34 | H12: =INDEX(道姓班!$E$5:$E$194,MATCH(表!$B12,道姓班!$B$5:$B$194,0)+8) -> 100 | I12: =D12-L12 -> 568.26 | J12: =E12-M12 -> 540 | K12: =I12-J12 -> 28.26 | L12: =D12*G12*0.01 -> 292.74 | M12: =Q12 -> 311 | N12: =L12-M12 -> -18.26 | O12: =INDEX(道姓班!$D$5:$D$194,MATCH(表!$B12,道姓班!$B$5:$B$194,0)+1) -> 175 | P12: =INDEX(道姓班!$D$5:$D$194,MATCH(表!$B12,道姓班!$B$5:$B$194,0)+2) -> 105 | Q12: =INDEX(道姓班!$D$5:$D$194,MATCH(表!$B12,道姓班!$B$5:$B$194,0)+3) -> 311 | R12: =INDEX(道姓班!$D$5:$D$194,MATCH(表!$B12,道姓班!$B$5:$B$194,0)+4) -> 52 | S12: =INDEX(道姓班!$D$5:$D$194,MATCH(表!$B12,道姓班!$B$5:$B$194,0)+5) -> 84 | T12: =INDEX(道姓班!$D$5:$D$194,MATCH(表!$B12,道姓班!$B$5:$B$194,0)+6) -> 124 | U12: =INDEX(道姓班!$G$5:$G$194,MATCH(表!$B12,道姓班!$B$5:$B$194,0)+7) -> 850.79378 | V12: =SUM(E12/H12)*100 -> 851 | W12: =D12-V12 -> 10
B13: 253018 | C13: =INDEX(道姓班!$C$5:$C$194,MATCH(表!$B13,道姓班!$B$5:$B$194,0)) -> 養老 大跡高架橋BR3(P22) R8/9/中 | D13: =INDEX(道姓班!$B$5:$B$194,MATCH(表!$B13,道姓班!$B$5:$B$194,0)+3) -> 598 | E13: =SUM(O13:T13) -> 540 | F13: =D13-E13 -> 58 | G13: 33 | H13: =INDEX(道姓班!$E$5:$E$194,MATCH(表!$B13,道姓班!$B$5:$B$194,0)+8) -> 85 | I13: =D13-L13 -> 400.66 | J13: =E13-M13 -> 301 | K13: =I13-J13 -> 99.66 | L13: =D13*G13*0.01 -> 197.34 | M13: =Q13 -> 239 | N13: =L13-M13 -> -41.66 | O13: =INDEX(道姓班!$D$5:$D$194,MATCH(表!$B13,道姓班!$B$5:$B$194,0)+1) -> 165 | P13: =INDEX(道姓班!$D$5:$D$194,MATCH(表!$B13,道姓班!$B$5:$B$194,0)+2) -> 50 | Q13: =INDEX(道姓班!$D$5:$D$194,MATCH(表!$B13,道姓班!$B$5:$B$194,0)+3) -> 239 | R13: =INDEX(道姓班!$D$5:$D$194,MATCH(表!$B13,道姓班!$B$5:$B$194,0)+4) -> 37 | S13: =INDEX(道姓班!$D$5:$D$194,MATCH(表!$B13,道姓班!$B$5:$B$194,0)+5) -> 0 | T13: =INDEX(道姓班!$D$5:$D$194,MATCH(表!$B13,道姓班!$B$5:$B$194,0)+6) -> 49 | U13: =INDEX(道姓班!$G$5:$G$194,MATCH(表!$B13,道姓班!$B$5:$B$194,0)+7) -> 487.28271 | V13: =SUM(E13/H13)*100 -> 635.29412 | W13: =D13-V13 -> -37.294118
B14: 247023-01 | C14: =INDEX(道姓班!$C$5:$C$194,MATCH(表!$B14,道姓班!$B$5:$B$194,0)) -> 養老IC本線他3橋 小倉P38 5/30 | D14: =INDEX(道姓班!$B$5:$B$194,MATCH(表!$B14,道姓班!$B$5:$B$194,0)+3) -> 660 | E14: =SUM(O14:T14) -> 503 | F14: =D14-E14 -> 157 | G14: 33 | H14: =INDEX(道姓班!$E$5:$E$194,MATCH(表!$B14,道姓班!$B$5:$B$194,0)+8) -> 100 | I14: =D14-L14 -> 442.2 | J14: =E14-M14 -> 345 | K14: =I14-J14 -> 97.2 | L14: =D14*G14*0.01 -> 217.8 | M14: =Q14 -> 158 | N14: =L14-M14 -> 59.8 | O14: =INDEX(道姓班!$D$5:$D$194,MATCH(表!$B14,道姓班!$B$5:$B$194,0)+1) -> 164 | P14: =INDEX(道姓班!$D$5:$D$194,MATCH(表!$B14,道姓班!$B$5:$B$194,0)+2) -> 66 | Q14: =INDEX(道姓班!$D$5:$D$194,MATCH(表!$B14,道姓班!$B$5:$B$194,0)+3) -> 158 | R14: =INDEX(道姓班!$D$5:$D$194,MATCH(表!$B14,道姓班!$B$5:$B$194,0)+4) -> 14 | S14: =INDEX(道姓班!$D$5:$D$194,MATCH(表!$B14,道姓班!$B$5:$B$194,0)+5) -> 35 | T14: =INDEX(道姓班!$D$5:$D$194,MATCH(表!$B14,道姓班!$B$5:$B$194,0)+6) -> 66 | U14: =INDEX(道姓班!$G$5:$G$194,MATCH(表!$B14,道姓班!$B$5:$B$194,0)+7) -> 430.09639 | V14: =SUM(E14/H14)*100 -> 503 | W14: =D14-V14 -> 157
A15: 阪 | B15: =阪上班!$B$126 -> 23Z035 | C15: =INDEX(阪上班!$C$5:$C$233,MATCH(表!$B15,阪上班!$B$5:$B$233,0)) -> 門真高架橋P60 26/12/25 | D15: =INDEX(阪上班!$B$5:$B$233,MATCH(表!$B15,阪上班!$B$5:$B$233,0)+3) -> 940 | E15: =SUM(O15:T15) -> 665 | F15: =D15-E15 -> 275 | G15: 33.4 | H15: =INDEX(阪上班!$E$5:$E$233,MATCH(表!$B15,阪上班!$B$5:$B$233,0)+8) -> 100 | I15: =D15-L15 -> 626.04 | J15: =E15-M15 -> 438 | K15: =I15-J15 -> 188.04 | L15: =D15*G15*0.01 -> 313.96 | M15: =Q15 -> 227 | N15: =L15-M15 -> 86.96 | O15: =INDEX(阪上班!$D$5:$D$233,MATCH(表!$B15,阪上班!$B$5:$B$233,0)+1) -> 182 | P15: =INDEX(阪上班!$D$5:$D$233,MATCH(表!$B15,阪上班!$B$5:$B$233,0)+2) -> 50 | Q15: =INDEX(阪上班!$D$5:$D$233,MATCH(表!$B15,阪上班!$B$5:$B$233,0)+3) -> 227 | R15: =INDEX(阪上班!$D$5:$D$233,MATCH(表!$B15,阪上班!$B$5:$B$233,0)+4) -> 45 | S15: =INDEX(阪上班!$D$5:$D$233,MATCH(表!$B15,阪上班!$B$5:$B$233,0)+5) -> 104 | T15: =INDEX(阪上班!$D$5:$D$233,MATCH(表!$B15,阪上班!$B$5:$B$233,0)+6) -> 57 | U15: =INDEX(阪上班!$G$5:$G$233,MATCH(表!$B15,阪上班!$B$5:$B$233,0)+7) -> 677.06976 | V15: =SUM(E15/H15)*100 -> 665 | W15: =D15-V15 -> 275
B16: 248015 | C16: =INDEX(阪上班!$C$5:$C$233,MATCH(表!$B16,阪上班!$B$5:$B$233,0)) -> 北真志野 上りA1A2 9/10 | D16: =INDEX(阪上班!$B$5:$B$233,MATCH(表!$B16,阪上班!$B$5:$B$233,0)+3) -> 500 | E16: =SUM(O16:T16) -> 88 | F16: =D16-E16 -> 412 | G16: 33 | H16: =INDEX(阪上班!$E$5:$E$233,MATCH(表!$B16,阪上班!$B$5:$B$233,0)+8) -> 10 | I16: =D16-L16 -> 335 | J16: =E16-M16 -> 88 | K16: =I16-J16 -> 247 | L16: =D16*G16*0.01 -> 165 | M16: =Q16 -> 0 | N16: =L16-M16 -> 165 | O16: =INDEX(阪上班!$D$5:$D$233,MATCH(表!$B16,阪上班!$B$5:$B$233,0)+1) -> 57 | P16: =INDEX(阪上班!$D$5:$D$233,MATCH(表!$B16,阪上班!$B$5:$B$233,0)+2) -> 0 | Q16: =INDEX(阪上班!$D$5:$D$233,MATCH(表!$B16,阪上班!$B$5:$B$233,0)+3) -> 0 | R16: =INDEX(阪上班!$D$5:$D$233,MATCH(表!$B16,阪上班!$B$5:$B$233,0)+4) -> 0 | S16: =INDEX(阪上班!$D$5:$D$233,MATCH(表!$B16,阪上班!$B$5:$B$233,0)+5) -> 0 | T16: =INDEX(阪上班!$D$5:$D$233,MATCH(表!$B16,阪上班!$B$5:$B$233,0)+6) -> 31 | U16: =INDEX(阪上班!$G$5:$G$233,MATCH(表!$B16,阪上班!$B$5:$B$233,0)+7) -> 502.80711 | V16: =SUM(E16/H16)*100 -> 880 | W16: =D16-V16 -> -380
B17: 25Y025 | C17: =INDEX(阪上班!$C$5:$C$233,MATCH(表!$B17,阪上班!$B$5:$B$233,0)) -> 温品下部工ブラケット7/15メッキ入 | D17: =INDEX(阪上班!$B$5:$B$233,MATCH(表!$B17,阪上班!$B$5:$B$233,0)+3) -> 65 | E17: =SUM(O17:T17) -> 141 | F17: =D17-E17 -> -76 | G17: 35.4 | H17: =INDEX(阪上班!$E$5:$E$233,MATCH(表!$B17,阪上班!$B$5:$B$233,0)+8) -> 0 | I17: =D17-L17 -> 41.99 | J17: =E17-M17 -> 82 | K17: =I17-J17 -> -40.01 | L17: =D17*G17*0.01 -> 23.01 | M17: =Q17 -> 59 | N17: =L17-M17 -> -35.99 | O17: =INDEX(阪上班!$D$5:$D$233,MATCH(表!$B17,阪上班!$B$5:$B$233,0)+1) -> 53 | P17: =INDEX(阪上班!$D$5:$D$233,MATCH(表!$B17,阪上班!$B$5:$B$233,0)+2) -> 21 | Q17: =INDEX(阪上班!$D$5:$D$233,MATCH(表!$B17,阪上班!$B$5:$B$233,0)+3) -> 59 | R17: =INDEX(阪上班!$D$5:$D$233,MATCH(表!$B17,阪上班!$B$5:$B$233,0)+4) -> 8 | S17: =INDEX(阪上班!$D$5:$D$233,MATCH(表!$B17,阪上班!$B$5:$B$233,0)+5) -> 0 | T17: =INDEX(阪上班!$D$5:$D$233,MATCH(表!$B17,阪上班!$B$5:$B$233,0)+6) -> 0 | U17: =INDEX(阪上班!$G$5:$G$233,MATCH(表!$B17,阪上班!$B$5:$B$233,0)+7) -> 0 | V17: =SUM(E17/H17)*100 -> #DIV/0! | W17: =D17-V17 -> #DIV/0!
B18: 264010 | C18: =INDEX(阪上班!$C$5:$C$233,MATCH(表!$B18,阪上班!$B$5:$B$233,0)) -> 八潮PAﾗﾝﾌﾟ橋PC3橋脚 7/15 | D18: =INDEX(阪上班!$B$5:$B$233,MATCH(表!$B18,阪上班!$B$5:$B$233,0)+3) -> 438 | E18: =SUM(O18:T18) -> 304 | F18: =D18-E18 -> 134 | G18: 30 | H18: =INDEX(阪上班!$E$5:$E$233,MATCH(表!$B18,阪上班!$B$5:$B$233,0)+8) -> 40 | I18: =D18-L18 -> 306.6 | J18: =E18-M18 -> 73 | K18: =I18-J18 -> 233.6 | L18: =D18*G18*0.01 -> 131.4 | M18: =Q18 -> 231 | N18: =L18-M18 -> -99.6 | O18: =INDEX(阪上班!$D$5:$D$233,MATCH(表!$B18,阪上班!$B$5:$B$233,0)+1) -> 26 | P18: =INDEX(阪上班!$D$5:$D$233,MATCH(表!$B18,阪上班!$B$5:$B$233,0)+2) -> 30 | Q18: =INDEX(阪上班!$D$5:$D$233,MATCH(表!$B18,阪上班!$B$5:$B$233,0)+3) -> 231 | R18: =INDEX(阪上班!$D$5:$D$233,MATCH(表!$B18,阪上班!$B$5:$B$233,0)+4) -> 17 | S18: =INDEX(阪上班!$D$5:$D$233,MATCH(表!$B18,阪上班!$B$5:$B$233,0)+5) -> 0 | T18: =INDEX(阪上班!$D$5:$D$233,MATCH(表!$B18,阪上班!$B$5:$B$233,0)+6) -> 0 | U18: =INDEX(阪上班!$G$5:$G$233,MATCH(表!$B18,阪上班!$B$5:$B$233,0)+7) -> 0 | V18: =SUM(E18/H18)*100 -> 760 | W18: =D18-V18 -> -322
B19: 251019 | C19: =INDEX(阪上班!$C$5:$C$233,MATCH(表!$B19,阪上班!$B$5:$B$233,0)) -> 畦地第一橋A1A2 12/15 | D19: =INDEX(阪上班!$B$5:$B$233,MATCH(表!$B19,阪上班!$B$5:$B$233,0)+3) -> 614 | E19: =SUM(O19:T19) -> 519 | F19: =D19-E19 -> 95 | G19: 33 | H19: =INDEX(阪上班!$E$5:$E$233,MATCH(表!$B19,阪上班!$B$5:$B$233,0)+8) -> 90 | I19: =D19-L19 -> 411.38 | J19: =E19-M19 -> 338 | K19: =I19-J19 -> 73.38 | L19: =D19*G19*0.01 -> 202.62 | M19: =Q19 -> 181 | N19: =L19-M19 -> 21.62 | O19: =INDEX(阪上班!$D$5:$D$233,MATCH(表!$B19,阪上班!$B$5:$B$233,0)+1) -> 162 | P19: =INDEX(阪上班!$D$5:$D$233,MATCH(表!$B19,阪上班!$B$5:$B$233,0)+2) -> 54 | Q19: =INDEX(阪上班!$D$5:$D$233,MATCH(表!$B19,阪上班!$B$5:$B$233,0)+3) -> 181 | R19: =INDEX(阪上班!$D$5:$D$233,MATCH(表!$B19,阪上班!$B$5:$B$233,0)+4) -> 34 | S19: =INDEX(阪上班!$D$5:$D$233,MATCH(表!$B19,阪上班!$B$5:$B$233,0)+5) -> 0 | T19: =INDEX(阪上班!$D$5:$D$233,MATCH(表!$B19,阪上班!$B$5:$B$233,0)+6) -> 88 | U19: =INDEX(阪上班!$G$5:$G$233,MATCH(表!$B19,阪上班!$B$5:$B$233,0)+7) -> 567.69287 | V19: =SUM(E19/H19)*100 -> 576.66667 | W19: =D19-V19 -> 37.333333
B20: 248020 | C20: =INDEX(阪上班!$C$5:$C$233,MATCH(表!$B20,阪上班!$B$5:$B$233,0)) -> 養老 小倉BR2(P34) 現地7/初 | D20: =INDEX(阪上班!$B$5:$B$233,MATCH(表!$B20,阪上班!$B$5:$B$233,0)+3) -> 479 | E20: =SUM(O20:T20) -> 413 | F20: =D20-E20 -> 66 | G20: 33 | H20: =INDEX(阪上班!$E$5:$E$233,MATCH(表!$B20,阪上班!$B$5:$B$233,0)+8) -> 100 | I20: =D20-L20 -> 320.93 | J20: =E20-M20 -> 272 | K20: =I20-J20 -> 48.93 | L20: =D20*G20*0.01 -> 158.07 | M20: =Q20 -> 141 | N20: =L20-M20 -> 17.07 | O20: =INDEX(阪上班!$D$5:$D$233,MATCH(表!$B20,阪上班!$B$5:$B$233,0)+1) -> 98 | P20: =INDEX(阪上班!$D$5:$D$233,MATCH(表!$B20,阪上班!$B$5:$B$233,0)+2) -> 34 | Q20: =INDEX(阪上班!$D$5:$D$233,MATCH(表!$B20,阪上班!$B$5:$B$233,0)+3) -> 141 | R20: =INDEX(阪上班!$D$5:$D$233,MATCH(表!$B20,阪上班!$B$5:$B$233,0)+4) -> 37 | S20: =INDEX(阪上班!$D$5:$D$233,MATCH(表!$B20,阪上班!$B$5:$B$233,0)+5) -> 58 | T20: =INDEX(阪上班!$D$5:$D$233,MATCH(表!$B20,阪上班!$B$5:$B$233,0)+6) -> 45 | U20: =INDEX(阪上班!$G$5:$G$233,MATCH(表!$B20,阪上班!$B$5:$B$233,0)+7) -> 383.12617 | V20: =SUM(E20/H20)*100 -> 413 | W20: =D20-V20 -> 66
B21: 247023-02 | C21: =INDEX(阪上班!$C$5:$C$233,MATCH(表!$B21,阪上班!$B$5:$B$233,0)) -> 養老IC本線他3橋 本線P5,A1 8月下旬頃 | D21: =INDEX(阪上班!$B$5:$B$233,MATCH(表!$B21,阪上班!$B$5:$B$233,0)+3) -> 1952 | E21: =SUM(O21:T21) -> 1244 | F21: =D21-E21 -> 708 | G21: 33 | H21: =INDEX(阪上班!$E$5:$E$233,MATCH(表!$B21,阪上班!$B$5:$B$233,0)+8) -> 70 | I21: =D21-L21 -> 1307.84 | J21: =E21-M21 -> 765 | K21: =I21-J21 -> 542.84 | L21: =D21*G21*0.01 -> 644.16 | M21: =Q21 -> 479 | N21: =L21-M21 -> 165.16 | O21: =INDEX(阪上班!$D$5:$D$233,MATCH(表!$B21,阪上班!$B$5:$B$233,0)+1) -> 374 | P21: =INDEX(阪上班!$D$5:$D$233,MATCH(表!$B21,阪上班!$B$5:$B$233,0)+2) -> 152 | Q21: =INDEX(阪上班!$D$5:$D$233,MATCH(表!$B21,阪上班!$B$5:$B$233,0)+3) -> 479 | R21: =INDEX(阪上班!$D$5:$D$233,MATCH(表!$B21,阪上班!$B$5:$B$233,0)+4) -> 102 | S21: =INDEX(阪上班!$D$5:$D$233,MATCH(表!$B21,阪上班!$B$5:$B$233,0)+5) -> 39 | T21: =INDEX(阪上班!$D$5:$D$233,MATCH(表!$B21,阪上班!$B$5:$B$233,0)+6) -> 98 | U21: =INDEX(阪上班!$G$5:$G$233,MATCH(表!$B21,阪上班!$B$5:$B$233,0)+7) -> 1540.2558 | V21: =SUM(E21/H21)*100 -> 1777.1429 | W21: =D21-V21 -> 174.85714
B22: =阪上班!$B$136 -> 22Y005 | C22: =INDEX(阪上班!$C$5:$C$233,MATCH(表!$B22,阪上班!$B$5:$B$233,0)) -> 富野高架橋中 A2 3/24現予 | D22: =INDEX(阪上班!$B$5:$B$233,MATCH(表!$B22,阪上班!$B$5:$B$233,0)+3) -> 1448 | E22: =SUM(O22:T22) -> 1086 | F22: =D22-E22 -> 362 | G22: 33.4 | H22: =INDEX(阪上班!$E$5:$E$233,MATCH(表!$B22,阪上班!$B$5:$B$233,0)+8) -> 100 | I22: =D22-L22 -> 964.368 | J22: =E22-M22 -> 658 | K22: =I22-J22 -> 306.368 | L22: =D22*G22*0.01 -> 483.632 | M22: =Q22 -> 428 | N22: =L22-M22 -> 55.632 | O22: =INDEX(阪上班!$D$5:$D$233,MATCH(表!$B22,阪上班!$B$5:$B$233,0)+1) -> 351 | P22: =INDEX(阪上班!$D$5:$D$233,MATCH(表!$B22,阪上班!$B$5:$B$233,0)+2) -> 92 | Q22: =INDEX(阪上班!$D$5:$D$233,MATCH(表!$B22,阪上班!$B$5:$B$233,0)+3) -> 428 | R22: =INDEX(阪上班!$D$5:$D$233,MATCH(表!$B22,阪上班!$B$5:$B$233,0)+4) -> 78 | S22: =INDEX(阪上班!$D$5:$D$233,MATCH(表!$B22,阪上班!$B$5:$B$233,0)+5) -> 7 | T22: =INDEX(阪上班!$D$5:$D$233,MATCH(表!$B22,阪上班!$B$5:$B$233,0)+6) -> 130 | U22: =INDEX(阪上班!$G$5:$G$233,MATCH(表!$B22,阪上班!$B$5:$B$233,0)+7) -> 1269.5147 | V22: =SUM(E22/H22)*100 -> 1086 | W22: =D22-V22 -> 362
A23: 中 | B23: 257021 | C23: =INDEX(中野班!$C$5:$C$142,MATCH(表!$B23,中野班!$B$5:$B$142,0)) -> 丁野橋上りA1A2 9/14 9/25 | D23: =INDEX(中野班!$B$5:$B$142,MATCH(表!$B23,中野班!$B$5:$B$142,0)+3) -> 718 | E23: =SUM(O23:T23) -> 524 | F23: =D23-E23 -> 194 | G23: 33 | H23: =INDEX(中野班!$E$5:$E$142,MATCH(表!$B23,中野班!$B$5:$B$142,0)+8) -> 55 | I23: =D23-L23 -> 481.06 | J23: =E23-M23 -> 288 | K23: =I23-J23 -> 193.06 | L23: =D23*G23*0.01 -> 236.94 | M23: =Q23 -> 236 | N23: =L23-M23 -> 0.94 | O23: =INDEX(中野班!$D$5:$D$142,MATCH(表!$B23,中野班!$B$5:$B$142,0)+1) -> 193 | P23: =INDEX(中野班!$D$5:$D$142,MATCH(表!$B23,中野班!$B$5:$B$142,0)+2) -> 72 | Q23: =INDEX(中野班!$D$5:$D$142,MATCH(表!$B23,中野班!$B$5:$B$142,0)+3) -> 236 | R23: =INDEX(中野班!$D$5:$D$142,MATCH(表!$B23,中野班!$B$5:$B$142,0)+4) -> 20 | S23: =INDEX(中野班!$D$5:$D$142,MATCH(表!$B23,中野班!$B$5:$B$142,0)+5) -> 0 | T23: =INDEX(中野班!$D$5:$D$142,MATCH(表!$B23,中野班!$B$5:$B$142,0)+6) -> 3 | U23: =INDEX(中野班!$G$5:$G$142,MATCH(表!$B23,中野班!$B$5:$B$142,0)+7) -> 672.63519 | V23: =SUM(E23/H23)*100 -> 952.72727 | W23: =D23-V23 -> -234.72727
B24: 263018-01 | C24: =INDEX(中野班!$C$5:$C$142,MATCH(表!$B24,中野班!$B$5:$B$142,0)) -> 大鳴門自転車道 鋼床版台座 9/15 | D24: =INDEX(中野班!$B$5:$B$142,MATCH(表!$B24,中野班!$B$5:$B$142,0)+3) -> 3268 | E24: =SUM(O24:T24) -> 964 | F24: =D24-E24 -> 2304 | G24: 25 | H24: =INDEX(中野班!$E$5:$E$142,MATCH(表!$B24,中野班!$B$5:$B$142,0)+8) -> 12.4 | I24: =D24-L24 -> 2451 | J24: =E24-M24 -> 659 | K24: =I24-J24 -> 1792 | L24: =D24*G24*0.01 -> 817 | M24: =Q24 -> 305 | N24: =L24-M24 -> 512 | O24: =INDEX(中野班!$D$5:$D$142,MATCH(表!$B24,中野班!$B$5:$B$142,0)+1) -> 496 | P24: =INDEX(中野班!$D$5:$D$142,MATCH(表!$B24,中野班!$B$5:$B$142,0)+2) -> 155 | Q24: =INDEX(中野班!$D$5:$D$142,MATCH(表!$B24,中野班!$B$5:$B$142,0)+3) -> 305 | R24: =INDEX(中野班!$D$5:$D$142,MATCH(表!$B24,中野班!$B$5:$B$142,0)+4) -> 8 | S24: =INDEX(中野班!$D$5:$D$142,MATCH(表!$B24,中野班!$B$5:$B$142,0)+5) -> 0 | T24: =INDEX(中野班!$D$5:$D$142,MATCH(表!$B24,中野班!$B$5:$B$142,0)+6) -> 0 | U24: =INDEX(中野班!$G$5:$G$142,MATCH(表!$B24,中野班!$B$5:$B$142,0)+7) -> 0 | V24: =SUM(E24/H24)*100 -> 7774.1935 | W24: =D24-V24 -> -4506.1935
B25: 265007 | C25: =INDEX(中野班!$C$5:$C$142,MATCH(表!$B25,中野班!$B$5:$B$142,0)) -> 浦郷 配管支持金具 7/10 | D25: =INDEX(中野班!$B$5:$B$142,MATCH(表!$B25,中野班!$B$5:$B$142,0)+3) -> 246 | E25: =SUM(O25:T25) -> 223 | F25: =D25-E25 -> 23 | G25: 25 | H25: =INDEX(中野班!$E$5:$E$142,MATCH(表!$B25,中野班!$B$5:$B$142,0)+8) -> 60 | I25: =D25-L25 -> 184.5 | J25: =E25-M25 -> 198 | K25: =I25-J25 -> -13.5 | L25: =D25*G25*0.01 -> 61.5 | M25: =Q25 -> 25 | N25: =L25-M25 -> 36.5 | O25: =INDEX(中野班!$D$5:$D$142,MATCH(表!$B25,中野班!$B$5:$B$142,0)+1) -> 168 | P25: =INDEX(中野班!$D$5:$D$142,MATCH(表!$B25,中野班!$B$5:$B$142,0)+2) -> 30 | Q25: =INDEX(中野班!$D$5:$D$142,MATCH(表!$B25,中野班!$B$5:$B$142,0)+3) -> 25 | R25: =INDEX(中野班!$D$5:$D$142,MATCH(表!$B25,中野班!$B$5:$B$142,0)+4) -> 0 | S25: =INDEX(中野班!$D$5:$D$142,MATCH(表!$B25,中野班!$B$5:$B$142,0)+5) -> 0 | T25: =INDEX(中野班!$D$5:$D$142,MATCH(表!$B25,中野班!$B$5:$B$142,0)+6) -> 0 | U25: =INDEX(中野班!$G$5:$G$142,MATCH(表!$B25,中野班!$B$5:$B$142,0)+7) -> 0 | V25: =SUM(E25/H25)*100 -> 371.66667 | W25: =D25-V25 -> -125.66667
B26: 246017 | C26: =INDEX(中野班!$C$5:$C$142,MATCH(表!$B26,中野班!$B$5:$B$142,0)) -> 国道7号西山崎地区 9/14 | D26: =INDEX(中野班!$B$5:$B$142,MATCH(表!$B26,中野班!$B$5:$B$142,0)+3) -> 843 | E26: =SUM(O26:T26) -> 197 | F26: =D26-E26 -> 646 | G26: 29.4 | H26: =INDEX(中野班!$E$5:$E$142,MATCH(表!$B26,中野班!$B$5:$B$142,0)+8) -> 25 | I26: =D26-L26 -> 595.158 | J26: =E26-M26 -> 183 | K26: =I26-J26 -> 412.158 | L26: =D26*G26*0.01 -> 247.842 | M26: =Q26 -> 14 | N26: =L26-M26 -> 233.842 | O26: =INDEX(中野班!$D$5:$D$142,MATCH(表!$B26,中野班!$B$5:$B$142,0)+1) -> 136 | P26: =INDEX(中野班!$D$5:$D$142,MATCH(表!$B26,中野班!$B$5:$B$142,0)+2) -> 47 | Q26: =INDEX(中野班!$D$5:$D$142,MATCH(表!$B26,中野班!$B$5:$B$142,0)+3) -> 14 | R26: =INDEX(中野班!$D$5:$D$142,MATCH(表!$B26,中野班!$B$5:$B$142,0)+4) -> 0 | S26: =INDEX(中野班!$D$5:$D$142,MATCH(表!$B26,中野班!$B$5:$B$142,0)+5) -> 0 | T26: =INDEX(中野班!$D$5:$D$142,MATCH(表!$B26,中野班!$B$5:$B$142,0)+6) -> 0 | U26: =INDEX(中野班!$G$5:$G$142,MATCH(表!$B26,中野班!$B$5:$B$142,0)+7) -> 632.67271 | V26: =SUM(E26/H26)*100 -> 788 | W26: =D26-V26 -> 55
B27: 261022 | C27: =INDEX(中野班!$C$5:$C$142,MATCH(表!$B27,中野班!$B$5:$B$142,0)) -> 中之口川床版取替 6/15 9/15 | D27: =INDEX(中野班!$B$5:$B$142,MATCH(表!$B27,中野班!$B$5:$B$142,0)+3) -> 1325 | E27: =SUM(O27:T27) -> 754 | F27: =D27-E27 -> 571 | G27: 20 | H27: =INDEX(中野班!$E$5:$E$142,MATCH(表!$B27,中野班!$B$5:$B$142,0)+8) -> 36.1 | I27: =D27-L27 -> 1060 | J27: =E27-M27 -> 507 | K27: =I27-J27 -> 553 | L27: =D27*G27*0.01 -> 265 | M27: =Q27 -> 247 | N27: =L27-M27 -> 18 | O27: =INDEX(中野班!$D$5:$D$142,MATCH(表!$B27,中野班!$B$5:$B$142,0)+1) -> 184 | P27: =INDEX(中野班!$D$5:$D$142,MATCH(表!$B27,中野班!$B$5:$B$142,0)+2) -> 60 | Q27: =INDEX(中野班!$D$5:$D$142,MATCH(表!$B27,中野班!$B$5:$B$142,0)+3) -> 247 | R27: =INDEX(中野班!$D$5:$D$142,MATCH(表!$B27,中野班!$B$5:$B$142,0)+4) -> 37 | S27: =INDEX(中野班!$D$5:$D$142,MATCH(表!$B27,中野班!$B$5:$B$142,0)+5) -> 65 | T27: =INDEX(中野班!$D$5:$D$142,MATCH(表!$B27,中野班!$B$5:$B$142,0)+6) -> 161 | U27: =INDEX(中野班!$G$5:$G$142,MATCH(表!$B27,中野班!$B$5:$B$142,0)+7) -> 1781.6311 | V27: =SUM(E27/H27)*100 -> 2088.6427 | W27: =D27-V27 -> -763.64266

Sheet モデル
P5: 30
AX6: 31
R8: =SUM(R2:R7) -> 0 | S8: =SUM(S2:S7) -> 0 | T8: =SUM(T2:T7) -> 0 | U8: =SUM(U2:U7) -> 0 | V8: =SUM(V2:V7) -> 0 | W8: =SUM(W2:W7) -> 0 | X8: =SUM(X2:X7) -> 0 | Y8: =SUM(Y2:Y7) -> 0 | ... AU8: =SUM(AU2:AU7) -> 0 | AZ8: =SUM(AZ2:AZ7) -> 0 | BA8: =SUM(BA2:BA7) -> 0 | BB8: =SUM(BB2:BB7) -> 0 | BC8: =SUM(BC2:BC7) -> 0 | BD8: =SUM(BD2:BD7) -> 0 | BE8: =SUM(BE2:BE7) -> 0 | BF8: =SUM(BF2:BF7) -> 0 | BG8: =SUM(BG2:BG7) -> 0 | ... CD8: =SUM(CD2:CD7) -> 0
R9: 組前 | T9: =SUM(R2:AU2) -> 0 | V9: 組立 | X9: =SUM(R3:AU3) -> 0 | Z9: 溶接 | AB9: =SUM(R4:AU4) -> 0 | AD9: 歪取 | AF9: =SUM(R5:AU5) -> 0 | AH9: 塗装 | AJ9: =SUM(R6:AU6) -> 0 | AL9: 仕上 | AN9: =SUM(R7:AU7) -> 0 | AP9: 合計 | AR9: =SUM(R8:AU8) -> 0 | AZ9: 組前 | BB9: =SUM(AZ2:CD2) -> 0 | BD9: 組立 | BF9: =SUM(AZ3:CD3) -> 0 | BH9: 溶接 | BJ9: =SUM(AZ4:CD4) -> 0 | BL9: 歪取 | BN9: =SUM(AZ5:CD5) -> 0 | BP9: 塗装 | BR9: =SUM(AZ6:CD6) -> 0 | BT9: 仕上 | BV9: =SUM(AZ7:CD7) -> 0 | BX9: 合計 | BZ9: =SUM(AZ8:CD8) -> 0
P14: 28 | AV14: 29
R17: =SUM(R11:R16) -> 0 | S17: =SUM(S11:S16) -> 0 | T17: =SUM(T11:T16) -> 0 | U17: =SUM(U11:U16) -> 0 | V17: =SUM(V11:V16) -> 0 | W17: =SUM(W11:W16) -> 0 | X17: =SUM(X11:X16) -> 0 | Y17: =SUM(Y11:Y16) -> 0 | ... AS17: =SUM(AS11:AS16) -> 0 | AX17: =SUM(AX11:AX16) -> 0 | AY17: =SUM(AY11:AY16) -> 0 | AZ17: =SUM(AZ11:AZ16) -> 0 | BA17: =SUM(BA11:BA16) -> 0 | BB17: =SUM(BB11:BB16) -> 0 | BC17: =SUM(BC11:BC16) -> 0 | BD17: =SUM(BD11:BD16) -> 0 | BE17: =SUM(BE11:BE16) -> 0 | ... BZ17: =SUM(BZ11:BZ16) -> 0
R18: 組前 | T18: =SUM(R11:AS11) -> 0 | V18: 組立 | X18: =SUM(R12:AS12) -> 0 | Z18: 溶接 | AB18: =SUM(R13:AS13) -> 0 | AD18: 歪取 | AF18: =SUM(R14:AS14) -> 0 | AH18: 塗装 | AJ18: =SUM(R15:AS15) -> 0 | AL18: 仕上 | AN18: =SUM(R16:AS16) -> 0 | AP18: 合計 | AR18: =SUM(R17:AS17) -> 0 | AX18: 組前 | AZ18: =SUM(AX11:BZ11) -> 0 | BB18: 組立 | BD18: =SUM(AX12:BZ12) -> 0 | BF18: 溶接 | BH18: =SUM(AX13:BZ13) -> 0 | BJ18: 歪取 | BL18: =SUM(AX14:BZ14) -> 0 | BN18: 塗装 | BP18: =SUM(AX15:BZ15) -> 0 | BR18: 仕上 | BT18: =SUM(AX16:BZ16) -> 0 | BV18: 合計 | BX18: =SUM(AX17:BZ17) -> 0
A20: 箱型タイプ | H20: 組立前 | I20: =SUM(L20:BS20) -> 0.99520195 | L20: 0.0558 | M20: 0.094046914 | N20: 0.084694126 | O20: 0.099658586 | P20: 0.087312907 | Q20: 0.072161392 | S20: 0.087687018 | T20: 0.084132959 | U20: 0.061499214 | V20: 0.05289465 | W20: 0.050837037 | X20: 0.044477142 | Z20: 0.06 | AA20: 0.06
H21: 組立 | I21: =SUM(L21:BS21) -> 0.99923077 | Q21: 0.08 | X21: 0.04 | Z21: 0.08 | AA21: 0.08 | AB21: 0.08 | AC21: 0.08 | AD21: 0.04 | AG21: 0.08 | AH21: 0.049519231 | AI21: 0.069711538 | AJ21: 0.05 | AK21: 0.05 | AN21: 0.06 | AR21: 0.08 | AS21: 0.08
H22: 溶接 | I22: =SUM(L22:BS22) -> 1 | AA22: 0.04 | AB22: 0.09 | AC22: 0.09 | AD22: 0.09 | AE22: 0.09 | AG22: 0.07 | AH22: 0.09 | AI22: 0.09 | AJ22: 0.08 | AK22: 0.07 | AL22: 0.07 | AU22: 0.08 | AV22: 0.05
H23: 歪取り | I23: =SUM(L23:BS23) -> 1 | V23: 0.15 | W23: 0.15 | AP23: 0.15 | AQ23: 0.15 | AR23: 0.15 | AW23: 0.1 | AX23: 0.1 | AY23: 0.05
H24: 塗装 | I24: =SUM(L24:BS24) -> 1 | BD24: 0.05 | BE24: 0.2 | BF24: 0.2 | BG24: 0.2 | BI24: 0.13 | BJ24: 0.12 | BP24: 0.1
H25: 仕上げ | I25: =SUM(L25:BS25) -> 1 | AU25: 0.05 | AV25: 0.05 | AW25: 0.05 | AX25: 0.05 | AY25: 0.05 | AZ25: 0.05 | BB25: 0.05 | BC25: 0.05 | BD25: 0.05 | BG25: 0.05 | BI25: 0.05 | BJ25: 0.05 | BK25: 0.05 | BL25: 0.05 | BM25: 0.05 | BN25: 0.05 | BP25: 0.05 | BQ25: 0.05 | BR25: 0.05 | BS25: 0.05
L26: =SUM(L20:L25) -> 0.0558 | M26: =SUM(M20:M25) -> 0.094046914 | N26: =SUM(N20:N25) -> 0.084694126 | O26: =SUM(O20:O25) -> 0.099658586 | P26: =SUM(P20:P25) -> 0.087312907 | Q26: =SUM(Q20:Q25) -> 0.15216139 | R26: =SUM(R20:R25) -> 0 | S26: =SUM(S20:S25) -> 0.087687018 | ... BS26: =SUM(BS20:BS25) -> 0.05
H28: 20 | I28: t | J28: 月曜開始 | K28: 0.261 | L28: =$H$30*$K$28*L20 -> 11.815514 | M28: =$H$30*$K$28*M20 -> 19.914204 | N28: =$H$30*$K$28*N20 -> 17.933775 | O28: =$H$30*$K$28*O20 -> 21.102462 | P28: =$H$30*$K$28*P20 -> 18.488295 | Q28: =$H$30*$K$28*Q20 -> 15.279999 | R28: =$H$30*$K$28*R20 -> 0 | S28: =$H$30*$K$28*S20 -> 18.567512 | ... AA28: =$H$30*$K$28*AA20 -> 12.704854 | BW28: =SUM(L28:BV28) -> 210.73158
E29: 過去平均時間 | H29: 30 | I29: M | K29: 0.106 | L29: =$H$30*$K$29*L21 -> 0 | M29: =$H$30*$K$29*M21 -> 0 | N29: =$H$30*$K$29*N21 -> 0 | O29: =$H$30*$K$29*O21 -> 0 | P29: =$H$30*$K$29*P21 -> 0 | Q29: =$H$30*$K$29*Q21 -> 6.8797675 | R29: =$H$30*$K$29*R21 -> 0 | S29: =$H$30*$K$29*S21 -> 0 | ... AS29: =$H$30*$K$29*AS21 -> 6.8797675 | BW29: =SUM(L29:BV29) -> 85.930942
H30: =((H28/H29*1000)*-0.0107+47.698)*H28 -> 811.29333 | K30: 0.335 | L30: =$H$30*$K$30*L22 -> 0 | M30: =$H$30*$K$30*M22 -> 0 | N30: =$H$30*$K$30*N22 -> 0 | O30: =$H$30*$K$30*O22 -> 0 | P30: =$H$30*$K$30*P22 -> 0 | Q30: =$H$30*$K$30*Q22 -> 0 | R30: =$H$30*$K$30*R22 -> 0 | S30: =$H$30*$K$30*S22 -> 0 | ... BS30: =$H$30*$K$30*BS22 -> 0 | BW30: =SUM(L30:BV30) -> 271.78327
K31: 0.067 | L31: =$H$30*$K$31*L23 -> 0 | M31: =$H$30*$K$31*M23 -> 0 | N31: =$H$30*$K$31*N23 -> 0 | O31: =$H$30*$K$31*O23 -> 0 | P31: =$H$30*$K$31*P23 -> 0 | Q31: =$H$30*$K$31*Q23 -> 0 | R31: =$H$30*$K$31*R23 -> 0 | S31: =$H$30*$K$31*S23 -> 0 | ... BS31: =$H$30*$K$31*BS23 -> 0 | BW31: =SUM(L31:BV31) -> 54.356653
K32: 0.056 | L32: =$H$30*$K$32*L24 -> 0 | M32: =$H$30*$K$32*M24 -> 0 | N32: =$H$30*$K$32*N24 -> 0 | O32: =$H$30*$K$32*O24 -> 0 | P32: =$H$30*$K$32*P24 -> 0 | Q32: =$H$30*$K$32*Q24 -> 0 | R32: =$H$30*$K$32*R24 -> 0 | S32: =$H$30*$K$32*S24 -> 0 | ... BS32: =$H$30*$K$32*BS24 -> 0 | BW32: =SUM(L32:BV32) -> 45.432427
K33: 0.174 | L33: =$H$30*$K$33*L25 -> 0 | M33: =$H$30*$K$33*M25 -> 0 | N33: =$H$30*$K$33*N25 -> 0 | O33: =$H$30*$K$33*O25 -> 0 | P33: =$H$30*$K$33*P25 -> 0 | Q33: =$H$30*$K$33*Q25 -> 0 | R33: =$H$30*$K$33*R25 -> 0 | S33: =$H$30*$K$33*S25 -> 0 | ... BS33: =$H$30*$K$33*BS25 -> 7.058252 | BW33: =SUM(L33:BV33) -> 141.16504
A34: 過去平均 | B34: =G40 -> 369.98 | C34: 組立前 | D34: =SUM(EG45:WF45) -> 0 | E34: =SUM(D34/G34) -> 0 | G34: =G40*0.261 -> 96.56478 | BW34: =SUM(BW28:BW33) -> 809.39991
A35: 製造予定 | C35: 組立 | D35: =SUM(EG46:WF46) -> 0 | E35: =SUM(D35/G35) -> 0 | G35: =G40*0.106 -> 39.21788 | J35: 水曜開始 | K35: 0.261 | N35: =$H$30*$K$28*L20 -> 11.815514 | O35: =$H$30*$K$28*M20 -> 19.914204 | P35: =$H$30*$K$28*N20 -> 17.933775 | Q35: =$H$30*$K$28*O20 -> 21.102462 | S35: =$H$30*$K$28*P20 -> 18.488295 | T35: =$H$30*$K$28*Q20 -> 15.279999 | U35: =$H$30*$K$28*S20 -> 18.567512 | V35: =$H$30*$K$28*T20 -> 17.814949 | W35: =$H$30*$K$28*U20 -> 13.022309 | X35: =$H$30*$K$28*V20 -> 11.200313 | Z35: =$H$30*$K$28*W20 -> 10.764619 | AA35: =$H$30*$K$28*X20 -> 9.4179262 | AB35: =$H$30*$K$28*Z20 -> 12.704854 | AC35: =$H$30*$K$28*AA20 -> 12.704854 | BW35: =SUM(L35:BU35) -> 210.73158
A36: 営業予定 | C36: 溶接 | D36: =SUM(EG51:WF51) -> 0 | E36: =SUM(D36/G36) -> 0 | G36: =G40*0.332 -> 122.83336 | K36: 0.106 | N36: =$H$30*$K$29*L21 -> 0 | O36: =$H$30*$K$29*M21 -> 0 | P36: =$H$30*$K$29*N21 -> 0 | Q36: =$H$30*$K$29*O21 -> 0 | S36: =$H$30*$K$29*P21 -> 0 | T36: =$H$30*$K$29*Q21 -> 6.8797675 | U36: =$H$30*$K$29*S21 -> 0 | V36: =$H$30*$K$29*T21 -> 0 | W36: =$H$30*$K$29*U21 -> 0 | X36: =$H$30*$K$29*V21 -> 0 | Z36: =$H$30*$K$29*W21 -> 0 | AA36: =$H$30*$K$29*X21 -> 3.4398837 | AB36: =$H$30*$K$29*Z21 -> 6.8797675 | AC36: =$H$30*$K$29*AA21 -> 6.8797675 | AD36: =$H$30*$K$29*AB21 -> 6.8797675 | AE36: =$H$30*$K$29*AC21 -> 6.8797675 | AG36: =$H$30*$K$29*AD21 -> 3.4398837 | AH36: =$H$30*$K$29*AE21 -> 0 | AI36: =$H$30*$K$29*AG21 -> 6.8797675 | AJ36: =$H$30*$K$29*AH21 -> 4.2585099 | AK36: =$H$30*$K$29*AI21 -> 5.9949897 | AL36: =$H$30*$K$29*AJ21 -> 4.2998547 | AN36: =$H$30*$K$29*AK21 -> 4.2998547 | AO36: =$H$30*$K$29*AL21 -> 0 | AP36: =$H$30*$K$29*AN21 -> 5.1598256 | AQ36: =$H$30*$K$29*AO21 -> 0 | AR36: =$H$30*$K$29*AP21 -> 0 | AS36: =$H$30*$K$29*AQ21 -> 0 | AU36: =$H$30*$K$29*AR21 -> 6.8797675 | AV36: =$H$30*$K$29*AS21 -> 6.8797675 | AW36: =$H$30*$K$29*AU21 -> 0 | AX36: =$H$30*$K$29*AV21 -> 0 | AY36: =$H$30*$K$29*AW21 -> 0 | AZ36: =$H$30*$K$29*AX21 -> 0 | BB36: =$H$30*$K$29*AY21 -> 0 | BC36: =$H$30*$K$29*AZ21 -> 0 | BD36: =$H$30*$K$29*BB21 -> 0 | BE36: =$H$30*$K$29*BC21 -> 0 | BF36: =$H$30*$K$29*BD21 -> 0 | BG36: =$H$30*$K$29*BE21 -> 0 | BI36: =$H$30*$K$29*BF21 -> 0 | BJ36: =$H$30*$K$29*BG21 -> 0 | BK36: =$H$30*$K$29*BI21 -> 0 | BL36: =$H$30*$K$29*BJ21 -> 0 | BM36: =$H$30*$K$29*BK21 -> 0 | BN36: =$H$30*$K$29*BL21 -> 0 | BP36: =$H$30*$K$29*BM21 -> 0 | BQ36: =$H$30*$K$29*BN21 -> 0 | BR36: =$H$30*$K$29*BP21 -> 0 | BS36: =$H$30*$K$29*BQ21 -> 0 | BT36: =$H$30*$K$29*BR21 -> 0 | BU36: =$H$30*$K$29*BS21 -> 0 | BW36: =SUM(L36:BU36) -> 85.930942
B37: 実数時間 | C37: 歪取り | D37: =SUM(EG52:WF52) -> 0 | E37: =SUM(D37/G37) -> 0 | G37: =G40*0.068 -> 25.15864 | K37: 0.335 | N37: =$H$30*$K$30*L22 -> 0 | O37: =$H$30*$K$30*M22 -> 0 | P37: =$H$30*$K$30*N22 -> 0 | Q37: =$H$30*$K$30*O22 -> 0 | S37: =$H$30*$K$30*P22 -> 0 | T37: =$H$30*$K$30*Q22 -> 0 | U37: =$H$30*$K$30*S22 -> 0 | V37: =$H$30*$K$30*T22 -> 0 | W37: =$H$30*$K$30*U22 -> 0 | X37: =$H$30*$K$30*V22 -> 0 | Z37: =$H$30*$K$30*W22 -> 0 | AA37: =$H$30*$K$30*X22 -> 0 | AB37: =$H$30*$K$30*Z22 -> 0 | AC37: =$H$30*$K$30*AA22 -> 10.871331 | AD37: =$H$30*$K$30*AB22 -> 24.460494 | AE37: =$H$30*$K$30*AC22 -> 24.460494 | AG37: =$H$30*$K$30*AD22 -> 24.460494 | AH37: =$H$30*$K$30*AE22 -> 24.460494 | AI37: =$H$30*$K$30*AG22 -> 19.024829 | AJ37: =$H$30*$K$30*AH22 -> 24.460494 | AK37: =$H$30*$K$30*AI22 -> 24.460494 | AL37: =$H$30*$K$30*AJ22 -> 21.742661 | AN37: =$H$30*$K$30*AK22 -> 19.024829 | AO37: =$H$30*$K$30*AL22 -> 19.024829 | AP37: =$H$30*$K$30*AN22 -> 0 | AQ37: =$H$30*$K$30*AO22 -> 0 | AR37: =$H$30*$K$30*AP22 -> 0 | AS37: =$H$30*$K$30*AQ22 -> 0 | AU37: =$H$30*$K$30*AR22 -> 0 | AV37: =$H$30*$K$30*AS22 -> 0 | AW37: =$H$30*$K$30*AU22 -> 21.742661 | AX37: =$H$30*$K$30*AV22 -> 13.589163 | AY37: =$H$30*$K$30*AW22 -> 0 | AZ37: =$H$30*$K$30*AX22 -> 0 | BB37: =$H$30*$K$30*AY22 -> 0 | BC37: =$H$30*$K$30*AZ22 -> 0 | BD37: =$H$30*$K$30*BB22 -> 0 | BE37: =$H$30*$K$30*BC22 -> 0 | BF37: =$H$30*$K$30*BD22 -> 0 | BG37: =$H$30*$K$30*BE22 -> 0 | BI37: =$H$30*$K$30*BF22 -> 0 | BJ37: =$H$30*$K$30*BG22 -> 0 | BK37: =$H$30*$K$30*BI22 -> 0 | BL37: =$H$30*$K$30*BJ22 -> 0 | BM37: =$H$30*$K$30*BK22 -> 0 | BN37: =$H$30*$K$30*BL22 -> 0 | BP37: =$H$30*$K$30*BM22 -> 0 | BQ37: =$H$30*$K$30*BN22 -> 0 | BR37: =$H$30*$K$30*BP22 -> 0 | BS37: =$H$30*$K$30*BQ22 -> 0 | BT37: =$H$30*$K$30*BR22 -> 0 | BU37: =$H$30*$K$30*BS22 -> 0 | BW37: =SUM(L37:BU37) -> 271.78327
B38: =D40 -> 0 | C38: 塗装 | D38: =SUM(EG53:WF53) -> 0 | E38: =SUM(D38/G38) -> 0 | G38: =G40*0.059 -> 21.82882 | K38: 0.067 | N38: =$H$30*$K$31*L23 -> 0 | O38: =$H$30*$K$31*M23 -> 0 | P38: =$H$30*$K$31*N23 -> 0 | Q38: =$H$30*$K$31*O23 -> 0 | S38: =$H$30*$K$31*P23 -> 0 | T38: =$H$30*$K$31*Q23 -> 0 | U38: =$H$30*$K$31*S23 -> 0 | V38: =$H$30*$K$31*T23 -> 0 | W38: =$H$30*$K$31*U23 -> 0 | X38: =$H$30*$K$31*V23 -> 8.153498 | Z38: =$H$30*$K$31*W23 -> 8.153498 | AA38: =$H$30*$K$31*X23 -> 0 | AB38: =$H$30*$K$31*Z23 -> 0 | AC38: =$H$30*$K$31*AA23 -> 0 | AD38: =$H$30*$K$31*AB23 -> 0 | AE38: =$H$30*$K$31*AC23 -> 0 | AG38: =$H$30*$K$31*AD23 -> 0 | AH38: =$H$30*$K$31*AE23 -> 0 | AI38: =$H$30*$K$31*AG23 -> 0 | AJ38: =$H$30*$K$31*AH23 -> 0 | AK38: =$H$30*$K$31*AI23 -> 0 | AL38: =$H$30*$K$31*AJ23 -> 0 | AN38: =$H$30*$K$31*AK23 -> 0 | AO38: =$H$30*$K$31*AL23 -> 0 | AP38: =$H$30*$K$31*AN23 -> 0 | AQ38: =$H$30*$K$31*AO23 -> 0 | AR38: =$H$30*$K$31*AP23 -> 8.153498 | AS38: =$H$30*$K$31*AQ23 -> 8.153498 | AU38: =$H$30*$K$31*AR23 -> 8.153498 | AV38: =$H$30*$K$31*AS23 -> 0 | AW38: =$H$30*$K$31*AU23 -> 0 | AX38: =$H$30*$K$31*AV23 -> 0 | AY38: =$H$30*$K$31*AW23 -> 5.4356653 | AZ38: =$H$30*$K$31*AX23 -> 5.4356653 | BB38: =$H$30*$K$31*AY23 -> 2.7178327 | BC38: =$H$30*$K$31*AZ23 -> 0 | BD38: =$H$30*$K$31*BB23 -> 0 | BE38: =$H$30*$K$31*BC23 -> 0 | BF38: =$H$30*$K$31*BD23 -> 0 | BG38: =$H$30*$K$31*BE23 -> 0 | BI38: =$H$30*$K$31*BF23 -> 0 | BJ38: =$H$30*$K$31*BG23 -> 0 | BK38: =$H$30*$K$31*BI23 -> 0 | BL38: =$H$30*$K$31*BJ23 -> 0 | BM38: =$H$30*$K$31*BK23 -> 0 | BN38: =$H$30*$K$31*BL23 -> 0 | BP38: =$H$30*$K$31*BM23 -> 0 | BQ38: =$H$30*$K$31*BN23 -> 0 | BR38: =$H$30*$K$31*BP23 -> 0 | BS38: =$H$30*$K$31*BQ23 -> 0 | BT38: =$H$30*$K$31*BR23 -> 0 | BU38: =$H$30*$K$31*BS23 -> 0 | BW38: =SUM(L38:BU38) -> 54.356653
A39: 目標比率 | B39: =SUM(B38/(B34*E41/100)) -> #DIV/0! | C39: 仕上げ | D39: =SUM(EG54:WF54) -> 0 | E39: =SUM(D39/G39) -> 0 | G39: =G40*0.174 -> 64.37652 | K39: 0.056 | N39: =$H$30*$K$32*L24 -> 0 | O39: =$H$30*$K$32*M24 -> 0 | P39: =$H$30*$K$32*N24 -> 0 | Q39: =$H$30*$K$32*O24 -> 0 | S39: =$H$30*$K$32*P24 -> 0 | T39: =$H$30*$K$32*Q24 -> 0 | U39: =$H$30*$K$32*S24 -> 0 | V39: =$H$30*$K$32*T24 -> 0 | W39: =$H$30*$K$32*U24 -> 0 | X39: =$H$30*$K$32*V24 -> 0 | Z39: =$H$30*$K$32*W24 -> 0 | AA39: =$H$30*$K$32*X24 -> 0 | AB39: =$H$30*$K$32*Z24 -> 0 | AC39: =$H$30*$K$32*AA24 -> 0 | AD39: =$H$30*$K$32*AB24 -> 0 | AE39: =$H$30*$K$32*AC24 -> 0 | AG39: =$H$30*$K$32*AD24 -> 0 | AH39: =$H$30*$K$32*AE24 -> 0 | AI39: =$H$30*$K$32*AG24 -> 0 | AJ39: =$H$30*$K$32*AH24 -> 0 | AK39: =$H$30*$K$32*AI24 -> 0 | AL39: =$H$30*$K$32*AJ24 -> 0 | AN39: =$H$30*$K$32*AK24 -> 0 | AO39: =$H$30*$K$32*AL24 -> 0 | AP39: =$H$30*$K$32*AN24 -> 0 | AQ39: =$H$30*$K$32*AO24 -> 0 | AR39: =$H$30*$K$32*AP24 -> 0 | AS39: =$H$30*$K$32*AQ24 -> 0 | AU39: =$H$30*$K$32*AR24 -> 0 | AV39: =$H$30*$K$32*AS24 -> 0 | AW39: =$H$30*$K$32*AU24 -> 0 | AX39: =$H$30*$K$32*AV24 -> 0 | AY39: =$H$30*$K$32*AW24 -> 0 | AZ39: =$H$30*$K$32*AX24 -> 0 | BB39: =$H$30*$K$32*AY24 -> 0 | BC39: =$H$30*$K$32*AZ24 -> 0 | BD39: =$H$30*$K$32*BB24 -> 0 | BE39: =$H$30*$K$32*BC24 -> 0 | BF39: =$H$30*$K$32*BD24 -> 2.2716213 | BG39: =$H$30*$K$32*BE24 -> 9.0864853 | BI39: =$H$30*$K$32*BF24 -> 9.0864853 | BJ39: =$H$30*$K$32*BG24 -> 9.0864853 | BK39: =$H$30*$K$32*BI24 -> 5.9062155 | BL39: =$H$30*$K$32*BJ24 -> 5.4518912 | BM39: =$H$30*$K$32*BK24 -> 0 | BN39: =$H$30*$K$32*BL24 -> 0 | BP39: =$H$30*$K$32*BM24 -> 0 | BQ39: =$H$30*$K$32*BN24 -> 0 | BR39: =$H$30*$K$32*BP24 -> 4.5432427 | BS39: =$H$30*$K$32*BQ24 -> 0 | BT39: =$H$30*$K$32*BR24 -> 0 | BU39: =$H$30*$K$32*BS24 -> 0 | BW39: =SUM(L39:BU39) -> 45.432427
A40: 目標比率 | B40: =SUM(B38/(B35*E41/100)) -> #DIV/0! | C40: 小計 | D40: =SUM(EG55:WF55) -> 0 | E40: 10 | G40: =((E40/F41*1000)*-0.0107+47.698)*E40 -> 369.98 | K40: 0.174 | N40: =$H$30*$K$33*L25 -> 0 | O40: =$H$30*$K$33*M25 -> 0 | P40: =$H$30*$K$33*N25 -> 0 | Q40: =$H$30*$K$33*O25 -> 0 | S40: =$H$30*$K$33*P25 -> 0 | T40: =$H$30*$K$33*Q25 -> 0 | U40: =$H$30*$K$33*S25 -> 0 | V40: =$H$30*$K$33*T25 -> 0 | W40: =$H$30*$K$33*U25 -> 0 | X40: =$H$30*$K$33*V25 -> 0 | Z40: =$H$30*$K$33*W25 -> 0 | AA40: =$H$30*$K$33*X25 -> 0 | AB40: =$H$30*$K$33*Z25 -> 0 | AC40: =$H$30*$K$33*AA25 -> 0 | AD40: =$H$30*$K$33*AB25 -> 0 | AE40: =$H$30*$K$33*AC25 -> 0 | AG40: =$H$30*$K$33*AD25 -> 0 | AH40: =$H$30*$K$33*AE25 -> 0 | AI40: =$H$30*$K$33*AG25 -> 0 | AJ40: =$H$30*$K$33*AH25 -> 0 | AK40: =$H$30*$K$33*AI25 -> 0 | AL40: =$H$30*$K$33*AJ25 -> 0 | AN40: =$H$30*$K$33*AK25 -> 0 | AO40: =$H$30*$K$33*AL25 -> 0 | AP40: =$H$30*$K$33*AN25 -> 0 | AQ40: =$H$30*$K$33*AO25 -> 0 | AR40: =$H$30*$K$33*AP25 -> 0 | AS40: =$H$30*$K$33*AQ25 -> 0 | AU40: =$H$30*$K$33*AR25 -> 0 | AV40: =$H$30*$K$33*AS25 -> 0 | AW40: =$H$30*$K$33*AU25 -> 7.058252 | AX40: =$H$30*$K$33*AV25 -> 7.058252 | AY40: =$H$30*$K$33*AW25 -> 7.058252 | AZ40: =$H$30*$K$33*AX25 -> 7.058252 | BB40: =$H$30*$K$33*AY25 -> 7.058252 | BC40: =$H$30*$K$33*AZ25 -> 7.058252 | BD40: =$H$30*$K$33*BB25 -> 7.058252 | BE40: =$H$30*$K$33*BC25 -> 7.058252 | BF40: =$H$30*$K$33*BD25 -> 7.058252 | BG40: =$H$30*$K$33*BE25 -> 0 | BI40: =$H$30*$K$33*BF25 -> 0 | BJ40: =$H$30*$K$33*BG25 -> 7.058252 | BK40: =$H$30*$K$33*BI25 -> 7.058252 | BL40: =$H$30*$K$33*BJ25 -> 7.058252 | BM40: =$H$30*$K$33*BK25 -> 7.058252 | BN40: =$H$30*$K$33*BL25 -> 7.058252 | BP40: =$H$30*$K$33*BM25 -> 7.058252 | BQ40: =$H$30*$K$33*BN25 -> 7.058252 | BR40: =$H$30*$K$33*BP25 -> 7.058252 | BS40: =$H$30*$K$33*BQ25 -> 7.058252 | BT40: =$H$30*$K$33*BR25 -> 7.058252 | BU40: =$H$30*$K$33*BS25 -> 7.058252 | BW40: =SUM(L40:BU40) -> 141.16504
A41: 目標比率 | B41: =SUM(B38/(B36*E41/100)) -> #DIV/0! | C41: =SUM(B38/(E40*E41/100)) -> #DIV/0! | D41: H | E41: 0 | F41: 10 | BW41: =SUM(BW35:BW40) -> 809.39991
H43: 製作日数 | L43: 1 | M43: 2 | N43: 3 | O43: 4 | P43: 5 | Q43: 6 | R43: 7 | S43: 8 | T43: 9 | U43: 10 | V43: 11 | W43: 12 | X43: 13 | Y43: 14 | Z43: 15 | AA43: 16 | AB43: 17 | AC43: 18 | AD43: 19 | AE43: 20 | AF43: 21 | AG43: 22 | AH43: 23 | AI43: 24 | AJ43: 25 | AK43: 26 | AL43: 27 | AM43: 28 | AN43: 29 | AO43: 30 | AP43: 31 | AQ43: 32 | AR43: 33 | AS43: 34 | AT43: 35 | AU43: 36 | AV43: 37 | AW43: 38 | AX43: 39 | AY43: 40 | AZ43: 41 | BA43: 42 | BB43: 43 | BC43: 44 | BD43: 45 | BE43: 46 | BF43: 47 | BG43: 48 | BH43: 49 | BI43: 50 | BJ43: 51 | BK43: 52 | BL43: 53 | BM43: 54 | BN43: 55 | BO43: 56 | BP43: 57 | BQ43: 58 | BR43: 59 | BS43: 60 | BT43: 61 | BU43: 62 | BV43: 63 | BW43: 64 | BX43: 65 | BY43: 66 | BZ43: 67 | CA43: 68 | CB43: 69 | CC43: 70 | CD43: 71 | CE43: 72 | CF43: 73 | CG43: 74 | CH43: 75
H44: 箱タイプ(BoX型)60日 | L44: 罫書 | M44: 罫書切断 | N44: 罫書切断 | O44: 罫書桁孔 | P44: 開先仕上 | Q44: 削り仕上 | S44: 継W | T44: 継W溝出 | U44: UT検？ | V44: ２R | W44: 逆歪削り | X44: 逆歪削り | Z44: 仕上げ | AA44: 仕上げ | AB44: 箱組 | AC44: 箱W | AD44: 箱WF組 | AE44: 箱WF組 | AG44: FW | AH44: FW | AI44: FWRW | AJ44: FWRW | AK44: RW | AL44: RW | AN44: スタッド | AO44: 歪取 | AP44: 歪取 | AQ44: 歪取 | AR44: 地覆組W | AS44: 地覆組W | AU44: 地覆組W | AV44: 地覆組W | AW44: 櫛歪 | AX44: 櫛歪 | AY44: 櫛歪 | AZ44: 仕上げ | BB44: 仕上げ | BC44: ブラスト | BD44: 戻り | BE44: 塗装 | BF44: 塗装 | BG44: 塗装 | BI44: 塗装 | BJ44: 塗装 | BK44: SET？ | BL44: ニタ乾？ | BM44: 圧縮 | BN44: 仕上げ | BP44: 仕上げ | BQ44: 仕上げ | BR44: 仕上げ | BS44: 完成検査
N45: 1 | O45: 2 | P45: 3 | Q45: 4 | R45: 5 | S45: 6 | T45: 7 | U45: 8 | V45: 9 | W45: 10 | X45: 11 | Y45: 12 | Z45: 13 | AA45: 14 | AB45: 15 | AC45: 16 | AD45: 17 | AE45: 18 | AF45: 19 | AG45: 20 | AH45: 21 | AI45: 22 | AJ45: 23 | AK45: 24 | AL45: 25 | AM45: 26 | AN45: 27 | AO45: 28 | AP45: 29 | AQ45: 30 | AR45: 31 | AS45: 32 | AT45: 33 | AU45: 34 | AV45: 35 | AW45: 36 | AX45: 37 | AY45: 38 | AZ45: 39 | BA45: 40 | BB45: 41 | BC45: 42 | BD45: 43 | BE45: 44 | BF45: 45 | BG45: 46 | BH45: 47 | BI45: 48 | BJ45: 49 | BK45: 50 | BL45: 51 | BM45: 52 | BN45: 53 | BO45: 54 | BP45: 55 | BQ45: 56 | BR45: 57 | BS45: 58 | BT45: 59 | BU45: 60 | BV45: 61 | BW45: 62 | BX45: 63 | BY45: 64 | BZ45: 65 | CA45: 66 | CB45: 67 | CC45: 68 | CD45: 69 | CE45: 70 | CF45: 71 | CG45: 72 | CH45: 73 | CI45: 74 | CJ45: 75
N46: 罫書 | O46: 罫書切断 | P46: 罫書切断 | Q46: 罫書桁孔 | S46: 開先仕上 | T46: 削り仕上 | U46: 継W | V46: 継W溝出 | W46: UT検？ | X46: ２R | Z46: 逆歪削り | AA46: 逆歪削り | AB46: 仕上げ | AC46: 仕上げ | AD46: 箱組 | AE46: 箱W | AG46: 箱WF組 | AH46: 箱WF組 | AI46: FW | AJ46: FW | AK46: FWRW | AL46: FWRW | AN46: RW | AO46: RW | AP46: スタッド | AQ46: 歪取 | AR46: 歪取 | AS46: 歪取 | AU46: 地覆組W | AV46: 地覆組W | AW46: 地覆組W | AX46: 地覆組W | AY46: 櫛歪 | AZ46: 櫛歪 | BB46: 櫛歪 | BC46: 仕上げ | BD46: 仕上げ | BE46: ブラスト | BF46: 戻り | BG46: 塗装 | BI46: 塗装 | BJ46: 塗装 | BK46: 塗装 | BL46: 塗装 | BM46: SET？ | BN46: ニタ乾？ | BP46: 圧縮 | BQ46: 仕上げ | BR46: 仕上げ | BS46: 仕上げ | BT46: 仕上げ | BU46: 完成検査
H47: 製作日数 | L47: 1 | M47: 2 | N47: 3 | O47: 4 | P47: 5 | Q47: 6 | R47: 7 | S47: 8 | T47: 9 | U47: 10 | V47: 11 | W47: 12 | X47: 13 | Y47: 14 | Z47: 15 | AA47: 16 | AB47: 17 | AC47: 18 | AD47: 19 | AE47: 20 | AF47: 21 | AG47: 22 | AH47: 23 | AI47: 24 | AJ47: 25 | AK47: 26 | AL47: 27 | AM47: 28 | AN47: 29 | AO47: 30 | AP47: 31 | AQ47: 32 | AR47: 33 | AS47: 34 | AT47: 35 | AU47: 36 | AV47: 37 | AW47: 38 | AX47: 39 | AY47: 40 | AZ47: 41 | BA47: 42 | BB47: 43 | BC47: 44 | BD47: 45 | BE47: 46 | BF47: 47 | BG47: 48 | BH47: 49 | BI47: 50 | BJ47: 51 | BK47: 52 | BL47: 53 | BM47: 54 | BN47: 55 | BO47: 56 | BP47: 57 | BQ47: 58 | BR47: 59 | BS47: 60 | BT47: 61 | BU47: 62 | BV47: 63 | BW47: 64 | BX47: 65 | BY47: 66 | BZ47: 67 | CA47: 68 | CB47: 69 | CC47: 70 | CD47: 71 | CE47: 72 | CF47: 73 | CG47: 74 | CH47: 75 | CI47: 76 | CJ47: 77 | CK47: 78 | CL47: 79 | CM47: 80 | CN47: 81 | CO47: 82 | CP47: 83 | CQ47: 84 | CR47: 85 | CS47: 86 | CT47: 87 | CU47: 88 | CV47: 89 | CW47: 90 | CX47: 91
H48: 箱タイプ(BoX型)90日 土日休み | L48: 罫書 | M48: 罫書切断 | N48: 罫書切断 | O48: 罫書桁孔 | P48: 開先仕上 | S48: 削り仕上 | T48: 継W | U48: 継W溝出 | V48: UT検？ | W48: ２R？ | Z48: 逆歪削り | AA48: 逆歪削り | AB48: 仕上げ | AC48: 仕上げ | AD48: 仕上げ | AG48: 仕上げ | AH48: 仕上げ | AI48: 箱組 | AJ48: 箱W | AK48: 箱WF組 | AN48: 箱WF組 | AO48: FW | AP48: FW | AQ48: FWRW | AR48: FWRW | AU48: FWRW | AV48: FWRW | AW48: RW | AX48: RW | AY48: スタッド | BB48: 歪取 | BC48: 歪取 | BD48: 歪取 | BE48: 歪取 | BF48: 地覆組W | BI48: 地覆組W | BJ48: 地覆組W | BK48: 櫛歪 | BL48: 櫛歪 | BM48: 櫛歪 | BP48: 仕上げ | BQ48: 仕上げ | BR48: 仕上げ | BS48: 仕上げ | BT48: 仕上げ | BW48: 仕上げ | BX48: ブラスト | BY48: ブラスト | BZ48: 戻り | CA48: 塗装 | CD48: 塗装 | CE48: 塗装 | CF48: 塗装 | CG48: 塗装 | CH48: 塗装 | CK48: 塗装 | CL48: SET？ | CM48: ニタ乾？ | CN48: ニタ乾？ | CO48: 圧縮 | CR48: 仕上げ | CS48: 仕上げ | CT48: 仕上げ | CU48: 仕上げ | CV48: 完成検査
N49: 1 | O49: 2 | P49: 3 | Q49: 4 | R49: 5 | S49: 6 | T49: 7 | U49: 8 | V49: 9 | W49: 10 | X49: 11 | Y49: 12 | Z49: 13 | AA49: 14 | AB49: 15 | AC49: 16 | AD49: 17 | AE49: 18 | AF49: 19 | AG49: 20 | AH49: 21 | AI49: 22 | AJ49: 23 | AK49: 24 | AL49: 25 | AM49: 26 | AN49: 27 | AO49: 28 | AP49: 29 | AQ49: 30 | AR49: 31 | AS49: 32 | AT49: 33 | AU49: 34 | AV49: 35 | AW49: 36 | AX49: 37 | AY49: 38 | AZ49: 39 | BA49: 40 | BB49: 41 | BC49: 42 | BD49: 43 | BE49: 44 | BF49: 45 | BG49: 46 | BH49: 47 | BI49: 48 | BJ49: 49 | BK49: 50 | BL49: 51 | BM49: 52 | BN49: 53 | BO49: 54 | BP49: 55 | BQ49: 56 | BR49: 57 | BS49: 58 | BT49: 59 | BU49: 60 | BV49: 61 | BW49: 62 | BX49: 63 | BY49: 64 | BZ49: 65 | CA49: 66 | CB49: 67 | CC49: 68 | CD49: 69 | CE49: 70 | CF49: 71 | CG49: 72 | CH49: 73 | CI49: 74 | CJ49: 75 | CK49: 76 | CL49: 77 | CM49: 78 | CN49: 79 | CO49: 80 | CP49: 81 | CQ49: 82 | CR49: 83 | CS49: 84 | CT49: 85 | CU49: 86 | CV49: 87 | CW49: 88 | CX49: 89 | CY49: 90
N50: 罫書 | O50: 罫書切断 | P50: 罫書切断 | S50: 罫書桁孔 | T50: 開先仕上 | U50: 削り仕上 | V50: 継W | W50: 継W溝出 | Z50: UT検？ | AA50: ２R？ | AB50: 逆歪削り | AC50: 逆歪削り | AD50: 仕上げ | AG50: 仕上げ | AH50: 仕上げ | AI50: 仕上げ | AJ50: 仕上げ | AK50: 箱組 | AN50: 箱W | AO50: 箱WF組 | AP50: 箱WF組 | AQ50: FW | AR50: FW | AU50: FWRW | AV50: FWRW | AW50: FWRW | AX50: FWRW | AY50: RW | BB50: RW | BC50: スタッド | BD50: 歪取 | BE50: 歪取 | BF50: 歪取 | BI50: 歪取 | BJ50: 地覆組W | BK50: 地覆組W | BL50: 地覆組W | BM50: 櫛歪 | BP50: 櫛歪 | BQ50: 櫛歪 | BR50: 仕上げ | BS50: 仕上げ | BT50: 仕上げ | BW50: 仕上げ | BX50: 仕上げ | BY50: 仕上げ | BZ50: ブラスト | CA50: ブラスト | CD50: 戻り | CE50: 塗装 | CF50: 塗装 | CG50: 塗装 | CH50: 塗装 | CK50: 塗装 | CL50: 塗装 | CM50: 塗装 | CN50: SET？ | CO50: ニタ乾？ | CR50: ニタ乾？ | CS50: 圧縮 | CT50: 仕上げ | CU50: 仕上げ | CV50: 仕上げ | CY50: 仕上げ | CZ50: 完成検査
H59: 製作日数 | L59: 1 | M59: 2 | N59: 3 | O59: 4 | P59: 5 | Q59: 6 | R59: 7 | S59: 8 | T59: 9 | U59: 10 | V59: 11 | W59: 12 | X59: 13 | Y59: 14 | Z59: 15 | AA59: 16 | AB59: 17 | AC59: 18 | AD59: 19 | AE59: 20 | AF59: 21 | AG59: 22 | AH59: 23 | AI59: 24 | AJ59: 25 | AK59: 26 | AL59: 27 | AM59: 28 | AN59: 29 | AO59: 30 | AP59: 31 | AQ59: 32 | AR59: 33 | AS59: 34 | AT59: 35 | AU59: 36 | AV59: 37 | AW59: 38 | AX59: 39 | AY59: 40
H60: 標準タイプ(I型) 10ｔ以下 | L60: 罫書 | M60: 罫書切断 | N60: 罫書切断 | O60: 仕上げ | P60: 削り板継 | Q60: 削り板継 | S60: UT検査 | T60: 小組 | U60: 小組W | V60: 小W | W60: 小W | X60: 小W歪 | Z60: 小歪 | AA60: 小歪 | AB60: 大組 | AC60: 大組W | AD60: 大組W | AE60: 大W | AG60: 大W | AH60: スタッド | AI60: 歪取仕上 | AJ60: 歪取仕上 | AK60: 歪取仕上 | AL60: ブラスト | AN60: 戻り | AO60: 塗装 | AP60: 塗装 | AQ60: 塗装 | AS60: シール | AU60: 圧縮 | AV60: 仕上げ | AW60: 仕上げ | AX60: 仕上げ | AY60: 完成検査
H61: 進捗％（目安） | O61: 10 | U61: 30 | AA61: 50 | AE61: 70 | AJ61: 80 | AP61: 90
N62: 罫書 | O62: 罫書切断 | P62: 罫書切断 | Q62: 仕上げ | S62: 削り板継 | T62: 削り板継 | U62: UT検査 | V62: 小組 | W62: 小組W | X62: 小W | Z62: 小W | AA62: 小W歪 | AB62: 小歪 | AC62: 小歪 | AD62: 大組 | AE62: 大組W | AG62: 大組W | AH62: 大W | AI62: 大W | AJ62: スタッド | AK62: 歪取仕上 | AL62: 歪取仕上 | AN62: 歪取仕上 | AO62: ブラスト | AP62: 戻り | AQ62: 塗装 | AR62: 塗装 | AS62: 塗装 | AU62: シール | AV62: 圧縮 | AW62: 仕上げ | AX62: 仕上げ | AY62: 仕上げ | AZ62: 完成検査
P63: 罫書 | Q63: 罫書切断 | S63: 罫書切断 | T63: 仕上げ | U63: 削り板継 | V63: 削り板継 | W63: UT検査 | X63: 小組 | Z63: 小組W | AA63: 小W | AB63: 小W | AC63: 小W歪 | AD63: 小歪 | AE63: 小歪 | AG63: 大組 | AH63: 大組W | AI63: 大組W | AJ63: 大W | AK63: 大W | AL63: スタッド | AN63: 歪取仕上 | AO63: 歪取仕上 | AP63: 歪取仕上 | AQ63: ブラスト | AR63: 戻り | AS63: 塗装 | AU63: 塗装 | AV63: 塗装 | AW63: シール | AX63: 圧縮 | AY63: 仕上げ | AZ63: 仕上げ | BA63: 仕上げ | BB63: 完成検査
H67: 製作日数 | L67: 1 | M67: 2 | N67: 3 | O67: 4 | P67: 5 | Q67: 6 | R67: 7 | S67: 8 | T67: 9 | U67: 10 | V67: 11 | W67: 12 | X67: 13 | Y67: 14 | Z67: 15 | AA67: 16 | AB67: 17 | AC67: 18 | AD67: 19 | AE67: 20 | AF67: 21 | AG67: 22 | AH67: 23 | AI67: 24 | AJ67: 25 | AK67: 26 | AL67: 27 | AM67: 28 | AN67: 29 | AO67: 30 | AP67: 31 | AQ67: 32 | AR67: 33 | AS67: 34 | AT67: 35 | AU67: 36 | AV67: 37 | AW67: 38 | AX67: 39 | AY67: 40 | AZ67: 41 | BA67: 42 | BB67: 43 | BC67: 44 | BD67: 45 | BE67: 46 | BF67: 47 | BG67: 48 | BH67: 49 | BI67: 50 | BJ67: 51 | BK67: 52
H68: 標準タイプ(I型) 10ｔ～20ｔ | L68: 罫書 | M68: 罫書 | N68: 罫書切断 | O68: 罫書切断 | P68: 罫書切断 | Q68: 仕上板継 | S68: 仕上板継 | T68: UT検査 | U68: 小組 | V68: 小組W | W68: 小組W | X68: 小組W削 | Z68: 小W削 | AA68: 小W削 | AB68: 小W歪 | AC68: 小W歪 | AD68: 小歪 | AE68: 小歪 | AG68: 大組 | AH68: 大組W | AI68: 大組W | AJ68: 大組W | AK68: 大組W | AL68: 大組W | AN68: 大組W | AO68: 大組W | AP68: 大組W | AQ68: スタッド | AR68: 大歪 | AS68: 大歪 | AU68: 仕上げ | AV68: 仕上げ | AW68: ブラスト | AX68: 戻り | AY68: 塗装 | AZ68: 塗装 | BB68: 塗装 | BD68: シール | BE68: 圧縮 | BF68: 仕上げ | BG68: 仕上げ | BI68: 仕上げ | BJ68: 仕上げ | BK68: 完成検査
H69: 進捗％（目安） | P69: 10 | V69: 30 | AB69: 50 | AJ69: 70 | AN69: 80 | AQ69: 90
N70: 罫書 | O70: 罫書 | P70: 罫書切断 | Q70: 罫書切断 | S70: 罫書切断 | T70: 仕上板継 | U70: 仕上板継 | V70: UT検査 | W70: 小組 | X70: 小組W | Z70: 小組W | AA70: 小組W削 | AB70: 小W削 | AC70: 小W削 | AD70: 小W歪 | AE70: 小W歪 | AG70: 小歪 | AH70: 小歪 | AI70: 大組 | AJ70: 大組W | AK70: 大組W | AL70: 大組W | AN70: 大組W | AO70: 大組W | AP70: 大組W | AQ70: 大組W | AR70: 大組W | AS70: スタッド | AU70: 大歪 | AV70: 大歪 | AW70: 仕上げ | AX70: 仕上げ | AY70: ブラスト | AZ70: 戻り | BB70: 塗装 | BC70: 塗装 | BD70: 塗装 | BF70: シール | BG70: 圧縮 | BI70: 仕上げ | BJ70: 仕上げ | BK70: 仕上げ | BL70: 仕上げ | BM70: 完成検査
B71: I型タイプ | P71: 罫書 | Q71: 罫書 | S71: 罫書切断 | T71: 罫書切断 | U71: 罫書切断 | V71: 仕上板継 | W71: 仕上板継 | X71: UT検査 | Z71: 小組 | AA71: 小組W | AB71: 小組W | AC71: 小組W削 | AD71: 小W削 | AE71: 小W削 | AG71: 小W歪 | AH71: 小W歪 | AI71: 小歪 | AJ71: 小歪 | AK71: 大組 | AL71: 大組W | AN71: 大組W | AO71: 大組W | AP71: 大組W | AQ71: 大組W | AR71: 大組W | AS71: 大組W | AU71: 大組W | AV71: スタッド | AW71: 大歪 | AX71: 大歪 | AY71: 仕上げ | AZ71: 仕上げ | BB71: ブラスト | BC71: 戻り | BD71: 塗装 | BE71: 塗装 | BF71: 塗装 | BI71: シール | BJ71: 圧縮 | BK71: 仕上げ | BL71: 仕上げ | BM71: 仕上げ | BN71: 仕上げ | BO71: 完成検査
A74: 過去平均 | B74: =G80 -> 672.85796 | C74: 組立前 | D74: =SUM(H132:WF132) -> 0 | E74: =SUM(D74/G74) -> 0 | G74: =G80*0.249 -> 167.54163
A75: 製造予定 | C75: 組立 | D75: =SUM(H133:WF133) -> 0 | E75: =SUM(D75/G75) -> 0 | G75: =G80*0.154 -> 103.62013
A76: 営業予定 | C76: 溶接 | D76: =SUM(H134:WF134) -> 0 | E76: =SUM(D76/G76) -> 0 | G76: =G80*0.294 -> 197.82024
B77: 実数時間 | C77: 歪取り | D77: =SUM(H135:WF135) -> 0 | E77: =SUM(D77/G77) -> 0 | G77: =G80*0.064 -> 43.06291
B78: =D80 -> 0 | C78: 塗装 | D78: =SUM(H136:WF136) -> 0 | E78: =SUM(D78/G78) -> 0 | G78: =G80*0.056 -> 37.680046
A79: 目標比率 | B79: =SUM(B78/(B74*E81/100)) -> #DIV/0! | C79: 仕上げ | D79: =SUM(H137:WF137) -> 0 | E79: =SUM(D79/G79) -> 0 | G79: =G80*0.18 -> 121.11443
A80: 目標比率 | B80: =SUM(B78/(B75*E81/100)) -> #DIV/0! | C80: 小計 | D80: =SUM(H138:WF138) -> 0 | E80: 19.6 | G80: =((E80/F81*1000)*-0.0753+85.398)*E80 -> 672.85796
A81: 目標比率 | B81: =SUM(B78/(B76*E81/100)) -> #DIV/0! | C81: =SUM(B78/(E80*E81/100)) -> #DIV/0! | D81: H | E81: 0 | F81: 28.9
H83: 製作日数 | L83: 1 | M83: 2 | N83: 3 | O83: 4 | P83: 5 | Q83: 6 | R83: 7 | S83: 8 | T83: 9 | U83: 10 | V83: 11 | W83: 12 | X83: 13 | Y83: 14 | Z83: 15 | AA83: 16 | AB83: 17 | AC83: 18 | AD83: 19 | AE83: 20 | AF83: 21 | AG83: 22 | AH83: 23 | AI83: 24 | AJ83: 25 | AK83: 26 | AL83: 27 | AM83: 28 | AN83: 29 | AO83: 30 | AP83: 31 | AQ83: 32 | AR83: 33 | AS83: 34 | AT83: 35 | AU83: 36 | AV83: 37 | AW83: 38 | AX83: 39 | AY83: 40 | AZ83: 41 | BA83: 42 | BB83: 43 | BC83: 44 | BD83: 45 | BE83: 46 | BF83: 47 | BG83: 48 | BH83: 49 | BI83: 50 | BJ83: 51 | BK83: 52 | BL83: 53 | BM83: 54
H84: 名公社(両側箱) 10ｔ以下 | L84: 罫書 | M84: 罫書切断 | N84: 罫書切断 | O84: 開先仕上 | P84: 開先座繰 | Q84: 逆歪座繰 | S84: L組座繰 | T84: LW座繰 | U84: 箱W戻り | V84: 箱W削り | W84: F組削り | X84: FW仕上 | Z84: RW仕上 | AA84: RW | AB84: 仕上げ | AC84: スタッド | AD84: 歪取 | AE84: 歪取 | AG84: 仕上げ | AH84: 大組共孔 | AI84: 共孔仕上 | AJ84: 共孔地覆 | AK84: 仕上げ | AL84: バラシ | AN84: 溶接仕上 | AO84: 仕上げ | AP84: ブメッキ | AQ84: ブメッキ | AR84: ブメッキ | AS84: ブメッキ | AU84: ブメッキ | AV84: ブメッキ | AW84: 塗装歪取 | AX84: 塗装歪取 | AY84: 仕上げ | AZ84: SET | BB84: シール | BC84: 圧縮 | BD84: 仕上げ | BE84: HTB締 | BF84: HTBシ | BG84: 仕上げ宵
H85: 進捗％（目安） | V85: 25 | AC85: 50 | AG85: 60 | AO85: 80 | BB85: 90
N86: 罫書 | O86: 罫書切断 | P86: 罫書切断 | Q86: 開先仕上 | S86: 開先座繰 | T86: 逆歪座繰 | U86: L組座繰 | V86: LW座繰 | W86: 箱W戻り | X86: 箱W削り | Z86: F組削り | AA86: FW仕上 | AB86: RW仕上 | AC86: RW | AD86: 仕上げ | AE86: スタッド | AG86: 歪取 | AH86: 歪取 | AI86: 仕上げ | AJ86: 大組共孔 | AK86: 共孔仕上 | AL86: 共孔地覆 | AN86: 仕上げ | AO86: バラシ | AP86: 溶接仕上 | AQ86: 仕上げ | AR86: ブメッキ | AS86: ブメッキ | AU86: ブメッキ | AV86: ブメッキ | AW86: ブメッキ | AX86: ブメッキ | AY86: 塗装歪取 | AZ86: 塗装歪取 | BB86: 仕上げ | BC86: SET | BD86: シール | BE86: 圧縮 | BF86: 仕上げ | BG86: HTB締 | BI86: HTBシ | BJ86: 仕上げ宵
P88: 罫書 | Q88: 罫書切断 | S88: 罫書切断 | T88: 開先仕上 | U88: 開先座繰 | V88: 逆歪座繰 | W88: L組座繰 | X88: LW座繰 | Z88: 箱W戻り | AA88: 箱W削り | AB88: F組削り | AC88: FW仕上 | AD88: RW仕上 | AE88: RW | AG88: 仕上げ | AH88: スタッド | AI88: 歪取 | AJ88: 歪取 | AK88: 仕上げ | AL88: 大組共孔 | AN88: 共孔仕上 | AO88: 共孔地覆 | AP88: 仕上げ | AQ88: バラシ | AR88: 溶接仕上 | AS88: 仕上げ | AU88: ブメッキ | AV88: ブメッキ | AW88: ブメッキ | AX88: ブメッキ | AY88: ブメッキ | AZ88: ブメッキ | BB88: 塗装歪取 | BC88: 塗装歪取 | BD88: 仕上げ | BE88: SET | BF88: シール | BG88: 圧縮 | BI88: 仕上げ | BJ88: HTB締 | BK88: HTBシ | BL88: 仕上げ宵
H91: 製作日数 | L91: 1 | M91: 2 | N91: 3 | O91: 4 | P91: 5 | Q91: 6 | R91: 7 | S91: 8 | T91: 9 | U91: 10 | V91: 11 | W91: 12 | X91: 13 | Y91: 14 | Z91: 15 | AA91: 16 | AB91: 17 | AC91: 18 | AD91: 19 | AE91: 20 | AF91: 21 | AG91: 22 | AH91: 23 | AI91: 24 | AJ91: 25 | AK91: 26 | AL91: 27 | AM91: 28 | AN91: 29 | AO91: 30 | AP91: 31 | AQ91: 32 | AR91: 33 | AS91: 34 | AT91: 35 | AU91: 36 | AV91: 37 | AW91: 38 | AX91: 39 | AY91: 40 | AZ91: 41 | BA91: 42 | BB91: 43 | BC91: 44 | BD91: 45 | BE91: 46 | BF91: 47 | BG91: 48 | BH91: 49 | BI91: 50 | BJ91: 51 | BK91: 52 | BL91: 53 | BM91: 54 | BN91: 55 | BO91: 56 | BP91: 57 | BQ91: 58 | BR91: 59 | BS91: 60 | BT91: 61 | BU91: 62 | BV91: 63 | BW91: 64 | BX91: 65 | BY91: 66 | BZ91: 67
H92: 名公社(両側箱) １０ｔ～20ｔ | L92: 罫書 | M92: 罫書切断 | N92: 罫書切断 | O92: L組切断 | P92: L組仕上 | Q92: 開先座繰 | S92: LW座繰 | T92: LW座繰 | U92: 箱組座繰 | V92: 箱組仕上 | W92: 箱W仕上 | X92: 箱W削り | Z92: F組削り | AA92: FW削り | AB92: FW削り | AC92: FW仕上 | AD92: FW仕上 | AE92: RW仕上 | AG92: RW仕上 | AH92: RW仕上 | AI92: 仕上げ | AJ92: スタッド | AK92: 歪取 | AL92: 歪取 | AN92: 仕上げ | AO92: 仕上げ | AP92: 大組共孔 | AQ92: 共孔仕上 | AR92: 共孔仕上 | AS92: 共孔地覆 | AU92: 共孔地覆 | AV92: 仕上げ | AW92: バラシ | AX92: 溶接仕上 | AY92: 溶接仕上 | AZ92: 仕上げ | BB92: 仕上げ | BC92: ブメッキ | BD92: ブメッキ | BE92: ブメッキ | BF92: ブメッキ | BG92: ブメッキ | BI92: ブメッキ | BJ92: 塗装歪取 | BK92: 塗装歪取 | BL92: 仕上げ | BM92: SET | BN92: シール | BP92: 圧縮 | BQ92: 仕上げ | BR92: HTB締 | BS92: HTBシ | BT92: 仕上げ宵
H93: 進捗％（目安） | V93: 25 | AJ93: 50 | AP93: 60 | BB93: 80 | BN93: 90
N94: 罫書 | O94: 罫書切断 | P94: 罫書切断 | Q94: L組切断 | S94: L組仕上 | T94: 開先座繰 | U94: LW座繰 | V94: LW座繰 | W94: 箱組座繰 | X94: 箱組仕上 | Z94: 箱W仕上 | AA94: 箱W削り | AB94: F組削り | AC94: FW削り | AD94: FW削り | AE94: FW仕上 | AG94: FW仕上 | AH94: RW仕上 | AI94: RW仕上 | AJ94: RW仕上 | AK94: 仕上げ | AL94: スタッド | AN94: 歪取 | AO94: 歪取 | AP94: 仕上げ | AQ94: 仕上げ | AR94: 大組共孔 | AS94: 共孔仕上 | AU94: 共孔仕上 | AV94: 共孔地覆 | AW94: 共孔地覆 | AX94: 仕上げ | AY94: バラシ | AZ94: 溶接仕上 | BB94: 溶接仕上 | BC94: 仕上げ | BD94: 仕上げ | BE94: ブメッキ | BF94: ブメッキ | BG94: ブメッキ | BI94: ブメッキ | BJ94: ブメッキ | BK94: ブメッキ | BL94: 塗装歪取 | BM94: 塗装歪取 | BN94: 仕上げ | BP94: SET | BQ94: シール | BR94: 圧縮 | BS94: 仕上げ | BT94: HTB締 | BU94: HTBシ | BW94: 仕上げ宵
P96: 罫書 | Q96: 罫書切断 | S96: 罫書切断 | T96: L組切断 | U96: L組仕上 | V96: 開先座繰 | W96: LW座繰 | X96: LW座繰 | Z96: 箱組座繰 | AA96: 箱組仕上 | AB96: 箱W仕上 | AC96: 箱W削り | AD96: F組削り | AE96: FW削り | AG96: FW削り | AH96: FW仕上 | AI96: FW仕上 | AJ96: RW仕上 | AK96: RW仕上 | AL96: RW仕上 | AN96: 仕上げ | AO96: スタッド | AP96: 歪取 | AQ96: 歪取 | AR96: 仕上げ | AS96: 仕上げ | AU96: 大組共孔 | AV96: 共孔仕上 | AW96: 共孔仕上 | AX96: 共孔地覆 | AY96: 共孔地覆 | AZ96: 仕上げ | BB96: バラシ | BC96: 溶接仕上 | BD96: 溶接仕上 | BE96: 仕上げ | BF96: 仕上げ | BG96: ブメッキ | BI96: ブメッキ | BJ96: ブメッキ | BK96: ブメッキ | BL96: ブメッキ | BM96: ブメッキ | BN96: 塗装歪取 | BP96: 塗装歪取 | BQ96: 仕上げ | BR96: SET | BS96: シール | BT96: 圧縮 | BU96: 仕上げ | BW96: HTB締 | BX96: HTBシ | BY96: 仕上げ宵
H99: 製作日数 | L99: 1 | M99: 2 | N99: 3 | O99: 4 | P99: 5 | Q99: 6 | R99: 7 | S99: 8 | T99: 9 | U99: 10 | V99: 11 | W99: 12 | X99: 13 | Y99: 14 | Z99: 15 | AA99: 16 | AB99: 17 | AC99: 18 | AD99: 19 | AE99: 20 | AF99: 21 | AG99: 22 | AH99: 23 | AI99: 24 | AJ99: 25 | AK99: 26 | AL99: 27 | AM99: 28 | AN99: 29 | AO99: 30 | AP99: 31 | AQ99: 32 | AR99: 33 | AS99: 34 | AT99: 35 | AU99: 36 | AV99: 37 | AW99: 38 | AX99: 39 | AY99: 40 | AZ99: 41 | BA99: 42 | BB99: 43 | BC99: 44 | BD99: 45 | BE99: 46 | BF99: 47 | BG99: 48 | BH99: 49 | BI99: 50 | BJ99: 51 | BK99: 52 | BL99: 53 | BM99: 54 | BN99: 55 | BO99: 56 | BP99: 57 | BQ99: 58
H100: 阪高(両側コの字) １０ｔ～20ｔ | L100: 罫書仕上 | M100: 罫書仕上 | N100: 罫書切断 | O100: 罫書切断 | P100: 削り | Q100: 削り板継 | S100: 削り板継 | T100: UT検査 | U100: 座繰コ組 | V100: 座繰コ組 | W100: 座繰コW | X100: 座繰コW | Z100: コW仕上 | AA100: コW仕上 | AB100: コW仕上 | AC100: コ歪仕上 | AD100: コ歪仕上 | AE100: コ歪仕上 | AG100: 大組孔明 | AH100: 大組孔明 | AI100: 大組孔明 | AJ100: 大組地覆 | AK100: 地覆大W | AL100: 大W仕上 | AN100: バラシ | AO100: 溶接 | AP100: 溶接 | AQ100: 仕上げ | AR100: 仕上げ | AS100: スタッド | AU100: 仕上げ | AV100: 塗前検査 | AW100: ブラスト | AX100: 戻り | AY100: 塗装 | AZ100: 塗装 | BB100: 塗装 | BD100: シール | BE100: 圧縮 | BF100: 仕上げ | BG100: 仕上げ | BI100: HTB締 | BJ100: HTBシ | BK100: 完成検査 | BL100: 仕上げ宵
H101: 進捗％（目安） | V101: 25 | AE101: 50 | AN101: 60 | AV101: 80 | BD101: 90
N102: 罫書仕上 | O102: 罫書仕上 | P102: 罫書切断 | Q102: 罫書切断 | S102: 削り | T102: 削り板継 | U102: 削り板継 | V102: UT検査 | W102: 座繰コ組 | X102: 座繰コ組 | Z102: 座繰コW | AA102: 座繰コW | AB102: コW仕上 | AC102: コW仕上 | AD102: コW仕上 | AE102: コ歪仕上 | AG102: コ歪仕上 | AH102: コ歪仕上 | AI102: 大組孔明 | AJ102: 大組孔明 | AK102: 大組孔明 | AL102: 大組地覆 | AN102: 地覆大W | AO102: 大W仕上 | AP102: バラシ | AQ102: 溶接 | AR102: 溶接 | AS102: 仕上げ | AU102: 仕上げ | AV102: スタッド | AW102: 仕上げ | AX102: 塗前検査 | AY102: ブラスト | AZ102: 戻り | BB102: 塗装 | BC102: 塗装 | BD102: 塗装 | BF102: シール | BG102: 圧縮 | BI102: 仕上げ | BJ102: 仕上げ | BK102: HTB締 | BL102: HTBシ | BM102: 完成検査 | BN102: 仕上げ宵
P104: 罫書仕上 | Q104: 罫書仕上 | R104: 罫書切断 | S104: 罫書切断 | T104: 削り | U104: 削り板継 | W104: 削り板継 | X104: UT検査 | Y104: 座繰コ組 | Z104: 座繰コ組 | AA104: 座繰コW | AB104: 座繰コW | AD104: コW仕上 | AE104: コW仕上 | AF104: コW仕上 | AG104: コ歪仕上 | AH104: コ歪仕上 | AI104: コ歪仕上 | AK104: 大組孔明 | AL104: 大組孔明 | AM104: 大組孔明 | AN104: 大組地覆 | AO104: 地覆大W | AP104: 大W仕上 | AR104: バラシ | AS104: 溶接 | AT104: 溶接 | AU104: 仕上げ | AV104: 仕上げ | AW104: スタッド | AY104: 仕上げ | AZ104: 塗前検査 | BA104: ブラスト | BB104: 戻り | BC104: 塗装 | BD104: 塗装 | BF104: 塗装 | BH104: シール | BI104: 圧縮 | BJ104: 仕上げ | BK104: 仕上げ | BM104: HTB締 | BN104: HTBシ | BO104: 完成検査 | BP104: 仕上げ宵
B105: 座繰りタイプ
A108: 過去平均 | B108: =G114 -> 282.795 | C108: 組立前 | D108: =SUM(H145:WF145) -> 0 | E108: =SUM(D108/G108) -> 0 | G108: =G114*0.249 -> 70.415955
A109: 製造予定 | C109: 組立 | D109: =SUM(H146:WF146) -> 0 | E109: =SUM(D109/G109) -> 0 | G109: =G114*0.167 -> 47.226765
A110: 営業予定 | C110: 溶接 | D110: =SUM(H147:WF147) -> 0 | E110: =SUM(D110/G110) -> 0 | G110: =G114*0.203 -> 57.407385
B111: 実数時間 | C111: 歪取り | D111: =SUM(H148:WF148) -> 0 | E111: =SUM(D111/G111) -> 0 | G111: =G114*0.055 -> 15.553725
B112: =D114 -> 0 | C112: 塗装 | D112: =SUM(H149:WF149) -> 0 | E112: =SUM(D112/G112) -> 0 | G112: =G114*0.073 -> 20.644035
A113: 目標比率 | B113: =SUM(B112/(B108*E115/100)) -> #DIV/0! | C113: 仕上げ | D113: =SUM(H150:WF150) -> 0 | E113: =SUM(D113/G113) -> 0 | G113: =G114*0.258 -> 72.96111
A114: 目標比率 | B114: =SUM(B112/(B109*E115/100)) -> #DIV/0! | C114: 小計 | D114: =SUM(H151:WF151) -> 0 | E114: 5 | G114: =((E114/F115*1000)*-0.0213+67.209)*E114 -> 282.795
A115: 目標比率 | B115: =SUM(B112/(B110*E115/100)) -> #DIV/0! | C115: =SUM(B112/(E114*E115/100)) -> #DIV/0! | D115: H | E115: 0 | F115: 10
H116: 製作日数 | L116: 1 | M116: 2 | N116: 3 | O116: 4 | P116: 5 | Q116: 6 | R116: 7 | S116: 8 | T116: 9 | U116: 10 | V116: 11 | W116: 12 | X116: 13 | Y116: 14 | Z116: 15 | AA116: 16 | AB116: 17 | AC116: 18 | AD116: 19 | AE116: 20 | AF116: 21 | AG116: 22 | AH116: 23 | AI116: 24 | AJ116: 25 | AK116: 26 | AL116: 27 | AM116: 28 | AN116: 29 | AO116: 30 | AP116: 31 | AQ116: 32 | AR116: 33 | AS116: 34 | AT116: 35 | AU116: 36 | AV116: 37 | AW116: 38 | AX116: 39 | AY116: 40 | AZ116: 41 | BA116: 42 | BB116: 43 | BC116: 44 | BD116: 45 | BE116: 46 | BF116: 47 | BG116: 48 | BH116: 49 | BI116: 50 | BJ116: 51 | BK116: 52 | BL116: 53 | BM116: 54 | BN116: 55 | BO116: 56 | BP116: 57 | BQ116: 58 | BR116: 59 | BS116: 60
H117: SEF | L117: 罫書仕上 | M117: 罫書仕上 | N117: 罫書角切 | O117: 罫書角切 | P117: 開先仕上 | Q117: 切断開先 | S117: 切断開先 | T117: 切断開先 | U117: 削り仕上 | V117: 削り仕上 | W117: 削り仕上 | X117: 仕上 | Z117: 仕上 | AA117: 仕上 | AB117: 組立 | AC117: 組立 | AD117: 組立溶接 | AE117: 組立溶接 | AG117: 溶接 | AH117: 溶接 | AI117: 溶接 | AJ117: 溶接 | AK117: 溶接 | AL117: 溶接歪取 | AN117: 溶接歪取 | AO117: 溶接歪取 | AP117: 溶接歪取 | AQ117: 歪取仕上 | AR117: 歪取仕上 | AS117: 歪取仕上 | AU117: 地覆組溶 | AV117: 地覆組溶 | AW117: 地覆組溶 | AX117: 仕上げ | AY117: 仕上げ | AZ117: 仕上げ | BB117: 塗前検査 | BC117: ブラスト | BD117: 戻り | BE117: 塗装 | BF117: 塗装 | BG117: 塗装 | BI117: SET | BJ117: 中井乾式 | BK117: 中井乾式 | BL117: 圧縮 | BM117: 仕上げ | BN117: 仕上げ | BP117: 仕上げ | BQ117: 完成検査 | BR117: 仕上げ宵 | BS117: 着
H118: 進捗％（目安）
N119: 罫書仕上 | O119: 罫書仕上 | P119: 罫書角切 | Q119: 罫書角切 | S119: 開先仕上 | T119: 切断開先 | U119: 切断開先 | V119: 切断開先 | W119: 削り仕上 | X119: 削り仕上 | Z119: 削り仕上 | AA119: 仕上 | AB119: 仕上 | AC119: 仕上 | AD119: 組立 | AE119: 組立 | AG119: 組立溶接 | AH119: 組立溶接 | AI119: 溶接 | AJ119: 溶接 | AK119: 溶接 | AL119: 溶接 | AN119: 溶接 | AO119: 溶接歪取 | AP119: 溶接歪取 | AQ119: 溶接歪取 | AR119: 溶接歪取 | AS119: 歪取仕上 | AU119: 歪取仕上 | AV119: 歪取仕上 | AW119: 地覆組溶 | AX119: 地覆組溶 | AY119: 地覆組溶 | AZ119: 仕上げ | BB119: 仕上げ | BC119: 仕上げ | BD119: 塗前検査 | BE119: ブラスト | BF119: 戻り | BG119: 塗装 | BI119: 塗装 | BJ119: 塗装 | BK119: SET | BL119: 中井乾式 | BM119: 中井乾式 | BN119: 圧縮 | BP119: 仕上げ | BQ119: 仕上げ | BR119: 仕上げ | BS119: 完成検査 | BT119: 仕上げ宵 | BU119: 着
Q121: 罫書仕上 | S121: 罫書仕上 | T121: 罫書角切 | U121: 罫書角切 | V121: 開先仕上 | W121: 切断開先 | X121: 切断開先 | Z121: 切断開先 | AA121: 削り仕上 | AB121: 削り仕上 | AC121: 削り仕上 | AD121: 仕上 | AE121: 仕上 | AG121: 仕上 | AH121: 組立 | AI121: 組立 | AJ121: 組立溶接 | AK121: 組立溶接 | AL121: 溶接 | AN121: 溶接 | AO121: 溶接 | AP121: 溶接 | AQ121: 溶接 | AR121: 溶接歪取 | AS121: 溶接歪取 | AU121: 溶接歪取 | AV121: 歪取仕上 | AW121: 歪取仕上 | AX121: 歪取仕上 | AY121: 地覆組溶 | AZ121: 地覆組溶 | BB121: 地覆組溶 | BC121: 仕上げ | BD121: 仕上げ | BE121: 仕上げ | BF121: 塗前検査 | BI121: ブラスト | BJ121: 戻り | BK121: 塗装 | BL121: 塗装 | BM121: 塗装 | BN121: SET | BP121: 中井乾式 | BQ121: 中井乾式 | BR121: 圧縮 | BS121: 仕上げ | BT121: 仕上げ | BU121: 仕上げ | BV121: 完成検査 | BW121: 仕上げ宵 | BX121: 着

Sheet 実績と3ヵ月予報
NV2: 2 | NW2: 0 | NX2: 2 | NY2: 5 | ABW2: 2 | ABX2: 0 | ABY2: 2 | ABZ2: 6
I3: 休 | J3: 会 | T3: 1 | AY3: 2 | CB3: 3 | DG3: 4 | EK3: 5 | FP3: 6 | GT3: 7 | HY3: 8 | JD3: 9 | KH3: 10 | LM3: 11 | MQ3: 12 | NV3: 1 | PA3: 2 | QC3: 3 | RH3: 4 | SL3: 5 | TQ3: 6 | UU3: 7 | VZ3: 8 | XE3: 9 | YI3: 10 | ZN3: 11 | AAR3: 12 | ABW3: 1 | ADB3: 2 | AED3: 3 | AFI3: 4 | AGM3: 5 | AHR3: 6 | AIV3: 7 | AKA3: 8 | ALF3: 9 | AMJ3: 10 | ANO3: 11 | AOS3: 12
B4: 客先 | C4: 工事名 | E4: 詳細 | I4: 21 | J4: 22 | K4: 23 | L4: 24 | M4: 25 | N4: 26 | O4: 27 | P4: 28 | Q4: 29 | R4: 30 | S4: 31 | T4: 1 | U4: 2 | V4: 3 | W4: 4 | X4: 5 | Y4: 6 | Z4: 7 | AA4: 8 | AB4: 9 | AC4: 10 | AD4: 11 | AE4: 12 | AF4: 13 | AG4: 14 | AH4: 15 | AI4: 16 | AJ4: 17 | AK4: 18 | AL4: 19 | AM4: 20 | AN4: 21 | AO4: 22 | AP4: 23 | AQ4: 24 | AR4: 25 | AS4: 26 | AT4: 27 | AU4: 28 | AV4: 29 | AW4: 30 | AX4: 31 | AY4: 1 | AZ4: 2 | BA4: 3 | BB4: 4 | BC4: 5 | BD4: 6 | BE4: 7 | BF4: 8 | BG4: 9 | BH4: 10 | BI4: 11 | BJ4: 12 | BK4: 13 | BL4: 14 | BM4: 15 | BN4: 16 | BO4: 17 | BP4: 18 | BQ4: 19 | BR4: 20 | BS4: 21 | BT4: 22 | BU4: 23 | BV4: 24 | BW4: 25 | BX4: 26 | BY4: 27 | BZ4: 28 | CA4: 29 | CB4: 1 | CC4: 2 | CD4: 3 | CE4: 4 | CF4: 5 | CG4: 6 | CH4: 7 | CI4: 8 | CJ4: 9 | CK4: 10 | CL4: 11 | CM4: 12 | CN4: 13 | CO4: 14 | CP4: 15 | CQ4: 16 | CR4: 17 | CS4: 18 | CT4: 19 | CU4: 20 | CV4: 21 | CW4: 22 | CX4: 23 | CY4: 24 | CZ4: 25 | DA4: 26 | DB4: 27 | DC4: 28 | DD4: 29 | DE4: 30 | DF4: 31 | DG4: 1 | DH4: 2 | DI4: 3 | DJ4: 4 | DK4: 5 | DL4: 6 | DM4: 7 | DN4: 8 | DO4: 9 | DP4: 10 | DQ4: 11 | DR4: 12 | DS4: 13 | DT4: 14 | DU4: 15 | DV4: 16 | DW4: 17 | DX4: 18 | DY4: 19 | DZ4: 20 | EA4: 21 | EB4: 22 | EC4: 23 | ED4: 24 | EE4: 25 | EF4: 26 | EG4: 27 | EH4: 28 | EI4: 29 | EJ4: 30 | EK4: 1 | EL4: 2 | EM4: 3 | EN4: 4 | EO4: 5 | EP4: 6 | EQ4: 7 | ER4: 8 | ES4: 9 | ET4: 10 | EU4: 11 | EV4: 12 | EW4: 13 | EX4: 14 | EY4: 15 | EZ4: 16 | FA4: 17 | FB4: 18 | FC4: 19 | FD4: 20 | FE4: 21 | FF4: 22 | FG4: 23 | FH4: 24 | FI4: 25 | FJ4: 26 | FK4: 27 | FL4: 28 | FM4: 29 | FN4: 30 | FO4: 31 | FP4: 1 | FQ4: 2 | FR4: 3 | FS4: 4 | FT4: 5 | FU4: 6 | FV4: 7 | FW4: 8 | FX4: 9 | FY4: 10 | FZ4: 11 | GA4: 12 | GB4: 13 | GC4: 14 | GD4: 15 | GE4: 16 | GF4: 17 | GG4: 18 | GH4: 19 | GI4: 20 | GJ4: 21 | GK4: 22 | GL4: 23 | GM4: 24 | GN4: 25 | GO4: 26 | GP4: 27 | GQ4: 28 | GR4: 29 | GS4: 30 | GT4: 1 | GU4: 2 | GV4: 3 | GW4: 4 | GX4: 5 | GY4: 6 | GZ4: 7 | HA4: 8 | HB4: 9 | HC4: 10 | HD4: 11 | HE4: 12 | HF4: 13 | HG4: 14 | HH4: 15 | HI4: 16 | HJ4: 17 | HK4: 18 | HL4: 19 | HM4: 20 | HN4: 21 | HO4: 22 | HP4: 23 | HQ4: 24 | HR4: 25 | HS4: 26 | HT4: 27 | HU4: 28 | HV4: 29 | HW4: 30 | HX4: 31 | HY4: 1 | HZ4: 2 | IA4: 3 | IB4: 4 | IC4: 5 | ID4: 6 | IE4: 7 | IF4: 8 | IG4: 9 | IH4: 10 | II4: 11 | IJ4: 12 | IK4: 13 | IL4: 14 | IM4: 15 | IN4: 16 | IO4: 17 | IP4: 18 | IQ4: 19 | IR4: 20 | IS4: 21 | IT4: 22 | IU4: 23 | IV4: 24 | IW4: 25 | IX4: 26 | IY4: 27 | IZ4: 28 | JA4: 29 | JB4: 30 | JC4: 31 | JD4: 1 | JE4: 2 | JF4: 3 | JG4: 4 | JH4: 5 | JI4: 6 | JJ4: 7 | JK4: 8 | JL4: 9 | JM4: 10 | JN4: 11 | JO4: 12 | JP4: 13 | JQ4: 14 | JR4: 15 | JS4: 16 | JT4: 17 | JU4: 18 | JV4: 19 | JW4: 20 | JX4: 21 | JY4: 22 | JZ4: 23 | KA4: 24 | KB4: 25 | KC4: 26 | KD4: 27 | KE4: 28 | KF4: 29 | KG4: 30 | KH4: 1 | KI4: 2 | KJ4: 3 | KK4: 4 | KL4: 5 | KM4: 6 | KN4: 7 | KO4: 8 | KP4: 9 | KQ4: 10 | KR4: 11 | KS4: 12 | KT4: 13 | KU4: 14 | KV4: 15 | KW4: 16 | KX4: 17 | KY4: 18 | KZ4: 19 | LA4: 20 | LB4: 21 | LC4: 22 | LD4: 23 | LE4: 24 | LF4: 25 | LG4: 26 | LH4: 27 | LI4: 28 | LJ4: 29 | LK4: 30 | LL4: 31 | LM4: 1 | LN4: 2 | LO4: 3 | LP4: 4 | LQ4: 5 | LR4: 6 | LS4: 7 | LT4: 8 | LU4: 9 | LV4: 10 | LW4: 11 | LX4: 12 | LY4: 13 | LZ4: 14 | MA4: 15 | MB4: 16 | MC4: 17 | MD4: 18 | ME4: 19 | MF4: 20 | MG4: 21 | MH4: 22 | MI4: 23 | MJ4: 24 | MK4: 25 | ML4: 26 | MM4: 27 | MN4: 28 | MO4: 29 | MP4: 30 | MQ4: 1 | MR4: 2 | MS4: 3 | MT4: 4 | MU4: 5 | MV4: 6 | MW4: 7 | MX4: 8 | MY4: 9 | MZ4: 10 | NA4: 11 | NB4: 12 | NC4: 13 | ND4: 14 | NE4: 15 | NF4: 16 | NG4: 17 | NH4: 18 | NI4: 19 | NJ4: 20 | NK4: 21 | NL4: 22 | NM4: 23 | NN4: 24 | NO4: 25 | NP4: 26 | NQ4: 27 | NR4: 28 | NS4: 29 | NT4: 30 | NU4: 31 | NV4: 1 | NW4: 2 | NX4: 3 | NY4: 4 | NZ4: 5 | OA4: 6 | OB4: 7 | OC4: 8 | OD4: 9 | OE4: 10 | OF4: 11 | OG4: 12 | OH4: 13 | OI4: 14 | OJ4: 15 | OK4: 16 | OL4: 17 | OM4: 18 | ON4: 19 | OO4: 20 | OP4: 21 | OQ4: 22 | OR4: 23 | OS4: 24 | OT4: 25 | OU4: 26 | OV4: 27 | OW4: 28 | OX4: 29 | OY4: 30 | OZ4: 31 | PA4: 1 | PB4: 2 | PC4: 3 | PD4: 4 | PE4: 5 | PF4: 6 | PG4: 7 | PH4: 8 | PI4: 9 | PJ4: 10 | PK4: 11 | PL4: 12 | PM4: 13 | PN4: 14 | PO4: 15 | PP4: 16 | PQ4: 17 | PR4: 18 | PS4: 19 | PT4: 20 | PU4: 21 | PV4: 22 | PW4: 23 | PX4: 24 | PY4: 25 | PZ4: 26 | QA4: 27 | QB4: 28 | QC4: 1 | QD4: 2 | QE4: 3 | QF4: 4 | QG4: 5 | QH4: 6 | QI4: 7 | QJ4: 8 | QK4: 9 | QL4: 10 | QM4: 11 | QN4: 12 | QO4: 13 | QP4: 14 | QQ4: 15 | QR4: 16 | QS4: 17 | QT4: 18 | QU4: 19 | QV4: 20 | QW4: 21 | QX4: 22 | QY4: 23 | QZ4: 24 | RA4: 25 | RB4: 26 | RC4: 27 | RD4: 28 | RE4: 29 | RF4: 30 | RG4: 31 | RH4: 1 | RI4: 2 | RJ4: 3 | RK4: 4 | RL4: 5 | RM4: 6 | RN4: 7 | RO4: 8 | RP4: 9 | RQ4: 10 | RR4: 11 | RS4: 12 | RT4: 13 | RU4: 14 | RV4: 15 | RW4: 16 | RX4: 17 | RY4: 18 | RZ4: 19 | SA4: 20 | SB4: 21 | SC4: 22 | SD4: 23 | SE4: 24 | SF4: 25 | SG4: 26 | SH4: 27 | SI4: 28 | SJ4: 29 | SK4: 30 | SL4: 1 | SM4: 2 | SN4: 3 | SO4: 4 | SP4: 5 | SQ4: 6 | SR4: 7 | SS4: 8 | ST4: 9 | SU4: 10 | SV4: 11 | SW4: 12 | SX4: 13 | SY4: 14 | SZ4: 15 | TA4: 16 | TB4: 17 | TC4: 18 | TD4: 19 | TE4: 20 | TF4: 21 | TG4: 22 | TH4: 23 | TI4: 24 | TJ4: 25 | TK4: 26 | TL4: 27 | TM4: 28 | TN4: 29 | TO4: 30 | TP4: 31 | TQ4: 1 | TR4: 2 | TS4: 3 | TT4: 4 | TU4: 5 | TV4: 6 | TW4: 7 | TX4: 8 | TY4: 9 | TZ4: 10 | UA4: 11 | UB4: 12 | UC4: 13 | UD4: 14 | UE4: 15 | UF4: 16 | UG4: 17 | UH4: 18 | UI4: 19 | UJ4: 20 | UK4: 21 | UL4: 22 | UM4: 23 | UN4: 24 | UO4: 25 | UP4: 26 | UQ4: 27 | UR4: 28 | US4: 29 | UT4: 30 | UU4: 1 | UV4: 2 | UW4: 3 | UX4: 4 | UY4: 5 | UZ4: 6 | VA4: 7 | VB4: 8 | VC4: 9 | VD4: 10 | VE4: 11 | VF4: 12 | VG4: 13 | VH4: 14 | VI4: 15 | VJ4: 16 | VK4: 17 | VL4: 18 | VM4: 19 | VN4: 20 | VO4: 21 | VP4: 22 | VQ4: 23 | VR4: 24 | VS4: 25 | VT4: 26 | VU4: 27 | VV4: 28 | VW4: 29 | VX4: 30 | VY4: 31 | VZ4: 1 | WA4: 2 | WB4: 3 | WC4: 4 | WD4: 5 | WE4: 6 | WF4: 7 | WG4: 8 | WH4: 9 | WI4: 10 | WJ4: 11 | WK4: 12 | WL4: 13 | WM4: 14 | WN4: 15 | WO4: 16 | WP4: 17 | WQ4: 18 | WR4: 19 | WS4: 20 | WT4: 21 | WU4: 22 | WV4: 23 | WW4: 24 | WX4: 25 | WY4: 26 | WZ4: 27 | XA4: 28 | XB4: 29 | XC4: 30 | XD4: 31 | XE4: 1 | XF4: 2 | XG4: 3 | XH4: 4 | XI4: 5 | XJ4: 6 | XK4: 7 | XL4: 8 | XM4: 9 | XN4: 10 | XO4: 11 | XP4: 12 | XQ4: 13 | XR4: 14 | XS4: 15 | XT4: 16 | XU4: 17 | XV4: 18 | XW4: 19 | XX4: 20 | XY4: 21 | XZ4: 22 | YA4: 23 | YB4: 24 | YC4: 25 | YD4: 26 | YE4: 27 | YF4: 28 | YG4: 29 | YH4: 30 | YI4: 1 | YJ4: 2 | YK4: 3 | YL4: 4 | YM4: 5 | YN4: 6 | YO4: 7 | YP4: 8 | YQ4: 9 | YR4: 10 | YS4: 11 | YT4: 12 | YU4: 13 | YV4: 14 | YW4: 15 | YX4: 16 | YY4: 17 | YZ4: 18 | ZA4: 19 | ZB4: 20 | ZC4: 21 | ZD4: 22 | ZE4: 23 | ZF4: 24 | ZG4: 25 | ZH4: 26 | ZI4: 27 | ZJ4: 28 | ZK4: 29 | ZL4: 30 | ZM4: 31 | ZN4: 1 | ZO4: 2 | ZP4: 3 | ZQ4: 4 | ZR4: 5 | ZS4: 6 | ZT4: 7 | ZU4: 8 | ZV4: 9 | ZW4: 10 | ZX4: 11 | ZY4: 12 | ZZ4: 13 | AAA4: 14 | AAB4: 15 | AAC4: 16 | AAD4: 17 | AAE4: 18 | AAF4: 19 | AAG4: 20 | AAH4: 21 | AAI4: 22 | AAJ4: 23 | AAK4: 24 | AAL4: 25 | AAM4: 26 | AAN4: 27 | AAO4: 28 | AAP4: 29 | AAQ4: 30 | AAR4: 1 | AAS4: 2 | AAT4: 3 | AAU4: 4 | AAV4: 5 | AAW4: 6 | AAX4: 7 | AAY4: 8 | AAZ4: 9 | ABA4: 10 | ABB4: 11 | ABC4: 12 | ABD4: 13 | ABE4: 14 | ABF4: 15 | ABG4: 16 | ABH4: 17 | ABI4: 18 | ABJ4: 19 | ABK4: 20 | ABL4: 21 | ABM4: 22 | ABN4: 23 | ABO4: 24 | ABP4: 25 | ABQ4: 26 | ABR4: 27 | ABS4: 28 | ABT4: 29 | ABU4: 30 | ABV4: 31 | ABW4: 1 | ABX4: 2 | ABY4: 3 | ABZ4: 4 | ACA4: 5 | ACB4: 6 | ACC4: 7 | ACD4: 8 | ACE4: 9 | ACF4: 10 | ACG4: 11 | ACH4: 12 | ACI4: 13 | ACJ4: 14 | ACK4: 15 | ACL4: 16 | ACM4: 17 | ACN4: 18 | ACO4: 19 | ACP4: 20 | ACQ4: 21 | ACR4: 22 | ACS4: 23 | ACT4: 24 | ACU4: 25 | ACV4: 26 | ACW4: 27 | ACX4: 28 | ACY4: 29 | ACZ4: 30 | ADA4: 31 | ADB4: 1 | ADC4: 2 | ADD4: 3 | ADE4: 4 | ADF4: 5 | ADG4: 6 | ADH4: 7 | ADI4: 8 | ADJ4: 9 | ADK4: 10 | ADL4: 11 | ADM4: 12 | ADN4: 13 | ADO4: 14 | ADP4: 15 | ADQ4: 16 | ADR4: 17 | ADS4: 18 | ADT4: 19 | ADU4: 20 | ADV4: 21 | ADW4: 22 | ADX4: 23 | ADY4: 24 | ADZ4: 25 | AEA4: 26 | AEB4: 27 | AEC4: 28 | AED4: 1 | AEE4: 2 | AEF4: 3 | AEG4: 4 | AEH4: 5 | AEI4: 6 | AEJ4: 7 | AEK4: 8 | AEL4: 9 | AEM4: 10 | AEN4: 11 | AEO4: 12 | AEP4: 13 | AEQ4: 14 | AER4: 15 | AES4: 16 | AET4: 17 | AEU4: 18 | AEV4: 19 | AEW4: 20 | AEX4: 21 | AEY4: 22 | AEZ4: 23 | AFA4: 24 | AFB4: 25 | AFC4: 26 | AFD4: 27 | AFE4: 28 | AFF4: 29 | AFG4: 30 | AFH4: 31 | AFI4: 1 | AFJ4: 2 | AFK4: 3 | AFL4: 4 | AFM4: 5 | AFN4: 6 | AFO4: 7 | AFP4: 8 | AFQ4: 9 | AFR4: 10 | AFS4: 11 | AFT4: 12 | AFU4: 13 | AFV4: 14 | AFW4: 15 | AFX4: 16 | AFY4: 17 | AFZ4: 18 | AGA4: 19 | AGB4: 20 | AGC4: 21 | AGD4: 22 | AGE4: 23 | AGF4: 24 | AGG4: 25 | AGH4: 26 | AGI4: 27 | AGJ4: 28 | AGK4: 29 | AGL4: 30 | AGM4: 1 | AGN4: 2 | AGO4: 3 | AGP4: 4 | AGQ4: 5 | AGR4: 6 | AGS4: 7 | AGT4: 8 | AGU4: 9 | AGV4: 10 | AGW4: 11 | AGX4: 12 | AGY4: 13 | AGZ4: 14 | AHA4: 15 | AHB4: 16 | AHC4: 17 | AHD4: 18 | AHE4: 19 | AHF4: 20 | AHG4: 21 | AHH4: 22 | AHI4: 23 | AHJ4: 24 | AHK4: 25 | AHL4: 26 | AHM4: 27 | AHN4: 28 | AHO4: 29 | AHP4: 30 | AHQ4: 31 | AHR4: 1 | AHS4: 2 | AHT4: 3 | AHU4: 4 | AHV4: 5 | AHW4: 6 | AHX4: 7 | AHY4: 8 | AHZ4: 9 | AIA4: 10 | AIB4: 11 | AIC4: 12 | AID4: 13 | AIE4: 14 | AIF4: 15 | AIG4: 16 | AIH4: 17 | AII4: 18 | AIJ4: 19 | AIK4: 20 | AIL4: 21 | AIM4: 22 | AIN4: 23 | AIO4: 24 | AIP4: 25 | AIQ4: 26 | AIR4: 27 | AIS4: 28 | AIT4: 29 | AIU4: 30 | AIV4: 1 | AIW4: 2 | AIX4: 3 | AIY4: 4 | AIZ4: 5 | AJA4: 6 | AJB4: 7 | AJC4: 8 | AJD4: 9 | AJE4: 10 | AJF4: 11 | AJG4: 12 | AJH4: 13 | AJI4: 14 | AJJ4: 15 | AJK4: 16 | AJL4: 17 | AJM4: 18 | AJN4: 19 | AJO4: 20 | AJP4: 21 | AJQ4: 22 | AJR4: 23 | AJS4: 24 | AJT4: 25 | AJU4: 26 | AJV4: 27 | AJW4: 28 | AJX4: 29 | AJY4: 30 | AJZ4: 31 | AKA4: 1 | AKB4: 2 | AKC4: 3 | AKD4: 4 | AKE4: 5 | AKF4: 6 | AKG4: 7 | AKH4: 8 | AKI4: 9 | AKJ4: 10 | AKK4: 11 | AKL4: 12 | AKM4: 13 | AKN4: 14 | AKO4: 15 | AKP4: 16 | AKQ4: 17 | AKR4: 18 | AKS4: 19 | AKT4: 20 | AKU4: 21 | AKV4: 22 | AKW4: 23 | AKX4: 24 | AKY4: 25 | AKZ4: 26 | ALA4: 27 | ALB4: 28 | ALC4: 29 | ALD4: 30 | ALE4: 31 | ALF4: 1 | ALG4: 2 | ALH4: 3 | ALI4: 4 | ALJ4: 5 | ALK4: 6 | ALL4: 7 | ALM4: 8 | ALN4: 9 | ALO4: 10 | ALP4: 11 | ALQ4: 12 | ALR4: 13 | ALS4: 14 | ALT4: 15 | ALU4: 16 | ALV4: 17 | ALW4: 18 | ALX4: 19 | ALY4: 20 | ALZ4: 21 | AMA4: 22 | AMB4: 23 | AMC4: 24 | AMD4: 25 | AME4: 26 | AMF4: 27 | AMG4: 28 | AMH4: 29 | AMI4: 30 | AMJ4: 1 | AMK4: 2 | AML4: 3 | AMM4: 4 | AMN4: 5 | AMO4: 6 | AMP4: 7 | AMQ4: 8 | AMR4: 9 | AMS4: 10 | AMT4: 11 | AMU4: 12 | AMV4: 13 | AMW4: 14 | AMX4: 15 | AMY4: 16 | AMZ4: 17 | ANA4: 18 | ANB4: 19 | ANC4: 20 | AND4: 21 | ANE4: 22 | ANF4: 23 | ANG4: 24 | ANH4: 25 | ANI4: 26 | ANJ4: 27 | ANK4: 28 | ANL4: 29 | ANM4: 30 | ANN4: 31 | ANO4: 1 | ANP4: 2 | ANQ4: 3 | ANR4: 4 | ANS4: 5 | ANT4: 6 | ANU4: 7 | ANV4: 8 | ANW4: 9 | ANX4: 10 | ANY4: 11 | ANZ4: 12 | AOA4: 13 | AOB4: 14 | AOC4: 15 | AOD4: 16 | AOE4: 17 | AOF4: 18 | AOG4: 19 | AOH4: 20 | AOI4: 21 | AOJ4: 22 | AOK4: 23 | AOL4: 24 | AOM4: 25 | AON4: 26 | AOO4: 27 | AOP4: 28 | AOQ4: 29 | AOR4: 30 | AOS4: 1 | AOT4: 2 | AOU4: 3 | AOV4: 4 | AOW4: 5 | AOX4: 6 | AOY4: 7 | AOZ4: 8 | APA4: 9 | APB4: 10 | APC4: 11 | APD4: 12 | APE4: 13 | APF4: 14 | APG4: 15 | APH4: 16 | API4: 17 | APJ4: 18 | APK4: 19 | APL4: 20 | APM4: 21 | APN4: 22 | APO4: 23 | APP4: 24 | APQ4: 25 | APR4: 26 | APS4: 27 | APT4: 28 | APU4: 29 | APV4: 30 | APW4: 31
NE47: 原紙
CG176: ・

Sheet 製作班未定
J1: 忘 | BO1: 伊 | DG1: 石 | KL1: 石 | KN1: 休 | LN1: 伊 | OG1: 水 | OM1: 新規 液化酸素～ | PF1: ～工事 | QU1: 石
I2: 米 | J2: 年 | T2: 2 | U2: 0 | V2: 2 | W2: 4 | Y2: 部 | AM2: 米 | AX2: ク | BA2: 石 | BG2: 部 | BN2: 田 | BS2: ク | BZ2: 田 | CC2: 部 | CF2: 米 | CM2: 田 | CN2: 米 | CT2: 田 | DB2: ク | DG2: 現 | DK2: 部 | DW2: 田 | EU2: 部 | FI2: B | FV2: 部 | GA2: 田 | GQ2: 米 | GX2: 石 | IZ2: ク | JU2: ク | KB2: 健 | KC2: 康 | KE2: 米 | KV2: 石 | KW2: ク | LQ2: 石 | LS2: 田 | MF2: ク | NB2: 米 | NV2: 2 | NW2: 0 | NX2: 2 | NY2: 5 | OG2: 素 | PM2: 米 | PS2: ク | QA2: 田 | QG2: 田 | QW2: 米 | RE2: 米 | RK2: 石 | RP2: 田 | ABW2: 2 | ABX2: 0 | ABY2: 2 | ABZ2: 6 | APX2: 2 | APY2: 0 | APZ2: 2 | AQA2: 7
I3: 休 | J3: 会 | T3: 1 | Y3: 会 | AM3: 休 | AX3: 会 | AY3: 2 | BA3: 休 | BG3: 会 | BN3: 休 | BS3: 会 | BZ3: 研 | CB3: 3 | CC3: 会 | CF3: 休 | CM3: 休 | CN3: 半 | CT3: 半 | DB3: 会 | DG3: 4 | DK3: 会 | DR3: 石 | DS3: 丸 | DT3: 休 | DU3: み | DV3: ✈ | DW3: 研 | ED3: 会 | EK3: 5 | EU3: 会 | FF3: 会 | FI3: Q | FP3: 6 | FV3: 会 | GA3: 研 | GQ3: 半 | GT3: 7 | GX3: 伊 | HY3: 8 | JD3: 9 | JU3: 会 | KB3: 診 | KC3: 断 | KE3: 休 | KH3: 10 | KV3: 休 | LM3: 11 | LQ3: 半 | LS3: 現 | MQ3: 12 | NB3: 現 | NV3: 1 | OG3: 移 | PA3: 2 | PM3: 半 | QA3: 休 | QC3: 3 | QG3: 研 | QW3: 半 | RE3: 半 | RH3: 4 | RK3: 研 | RP3: 研 | SL3: 5 | TQ3: 6 | UU3: 7 | VZ3: 8 | XE3: 9 | YI3: 10 | ZN3: 11 | AAR3: 12 | ABW3: 1 | ADB3: 2 | AED3: 3 | AFI3: 4 | AGM3: 5 | AHR3: 6 | AIV3: 7 | AKA3: 8 | ALF3: 9 | AMJ3: 10 | ANO3: 11 | AOS3: 12 | APX3: 1 | ARC3: 2 | ASE3: 3
B4: 工事番号 | C4: 工事名 | D4: 状況 | E4: 詳細 | F4: SET数 | G4: 客先 | I4: 21 | J4: 22 | K4: 23 | L4: 24 | M4: 25 | N4: 26 | O4: 27 | P4: 28 | Q4: 29 | R4: 30 | S4: 31 | T4: 1 | U4: 2 | V4: 3 | W4: 4 | X4: 5 | Y4: 6 | Z4: 7 | AA4: 8 | AB4: 9 | AC4: 10 | AD4: 11 | AE4: 12 | AF4: 13 | AG4: 14 | AH4: 15 | AI4: 16 | AJ4: 17 | AK4: 18 | AL4: 19 | AM4: 20 | AN4: 21 | AO4: 22 | AP4: 23 | AQ4: 24 | AR4: 25 | AS4: 26 | AT4: 27 | AU4: 28 | AV4: 29 | AW4: 30 | AX4: 31 | AY4: 1 | AZ4: 2 | BA4: 3 | BB4: 4 | BC4: 5 | BD4: 6 | BE4: 7 | BF4: 8 | BG4: 9 | BH4: 10 | BI4: 11 | BJ4: 12 | BK4: 13 | BL4: 14 | BM4: 15 | BN4: 16 | BO4: 17 | BP4: 18 | BQ4: 19 | BR4: 20 | BS4: 21 | BT4: 22 | BU4: 23 | BV4: 24 | BW4: 25 | BX4: 26 | BY4: 27 | BZ4: 28 | CA4: 29 | CB4: 1 | CC4: 2 | CD4: 3 | CE4: 4 | CF4: 5 | CG4: 6 | CH4: 7 | CI4: 8 | CJ4: 9 | CK4: 10 | CL4: 11 | CM4: 12 | CN4: 13 | CO4: 14 | CP4: 15 | CQ4: 16 | CR4: 17 | CS4: 18 | CT4: 19 | CU4: 20 | CV4: 21 | CW4: 22 | CX4: 23 | CY4: 24 | CZ4: 25 | DA4: 26 | DB4: 27 | DC4: 28 | DD4: 29 | DE4: 30 | DF4: 31 | DG4: 1 | DH4: 2 | DI4: 3 | DJ4: 4 | DK4: 5 | DL4: 6 | DM4: 7 | DN4: 8 | DO4: 9 | DP4: 10 | DQ4: 11 | DR4: 12 | DS4: 13 | DT4: 14 | DU4: 15 | DV4: 16 | DW4: 17 | DX4: 18 | DY4: 19 | DZ4: 20 | EA4: 21 | EB4: 22 | EC4: 23 | ED4: 24 | EE4: 25 | EF4: 26 | EG4: 27 | EH4: 28 | EI4: 29 | EJ4: 30 | EK4: 1 | EL4: 2 | EM4: 3 | EN4: 4 | EO4: 5 | EP4: 6 | EQ4: 7 | ER4: 8 | ES4: 9 | ET4: 10 | EU4: 11 | EV4: 12 | EW4: 13 | EX4: 14 | EY4: 15 | EZ4: 16 | FA4: 17 | FB4: 18 | FC4: 19 | FD4: 20 | FE4: 21 | FF4: 22 | FG4: 23 | FH4: 24 | FI4: 25 | FJ4: 26 | FK4: 27 | FL4: 28 | FM4: 29 | FN4: 30 | FO4: 31 | FP4: 1 | FQ4: 2 | FR4: 3 | FS4: 4 | FT4: 5 | FU4: 6 | FV4: 7 | FW4: 8 | FX4: 9 | FY4: 10 | FZ4: 11 | GA4: 12 | GB4: 13 | GC4: 14 | GD4: 15 | GE4: 16 | GF4: 17 | GG4: 18 | GH4: 19 | GI4: 20 | GJ4: 21 | GK4: 22 | GL4: 23 | GM4: 24 | GN4: 25 | GO4: 26 | GP4: 27 | GQ4: 28 | GR4: 29 | GS4: 30 | GT4: 1 | GU4: 2 | GV4: 3 | GW4: 4 | GX4: 5 | GY4: 6 | GZ4: 7 | HA4: 8 | HB4: 9 | HC4: 10 | HD4: 11 | HE4: 12 | HF4: 13 | HG4: 14 | HH4: 15 | HI4: 16 | HJ4: 17 | HK4: 18 | HL4: 19 | HM4: 20 | HN4: 21 | HO4: 22 | HP4: 23 | HQ4: 24 | HR4: 25 | HS4: 26 | HT4: 27 | HU4: 28 | HV4: 29 | HW4: 30 | HX4: 31 | HY4: 1 | HZ4: 2 | IA4: 3 | IB4: 4 | IC4: 5 | ID4: 6 | IE4: 7 | IF4: 8 | IG4: 9 | IH4: 10 | II4: 11 | IJ4: 12 | IK4: 13 | IL4: 14 | IM4: 15 | IN4: 16 | IO4: 17 | IP4: 18 | IQ4: 19 | IR4: 20 | IS4: 21 | IT4: 22 | IU4: 23 | IV4: 24 | IW4: 25 | IX4: 26 | IY4: 27 | IZ4: 28 | JA4: 29 | JB4: 30 | JC4: 31 | JD4: 1 | JE4: 2 | JF4: 3 | JG4: 4 | JH4: 5 | JI4: 6 | JJ4: 7 | JK4: 8 | JL4: 9 | JM4: 10 | JN4: 11 | JO4: 12 | JP4: 13 | JQ4: 14 | JR4: 15 | JS4: 16 | JT4: 17 | JU4: 18 | JV4: 19 | JW4: 20 | JX4: 21 | JY4: 22 | JZ4: 23 | KA4: 24 | KB4: 25 | KC4: 26 | KD4: 27 | KE4: 28 | KF4: 29 | KG4: 30 | KH4: 1 | KI4: 2 | KJ4: 3 | KK4: 4 | KL4: 5 | KM4: 6 | KN4: 7 | KO4: 8 | KP4: 9 | KQ4: 10 | KR4: 11 | KS4: 12 | KT4: 13 | KU4: 14 | KV4: 15 | KW4: 16 | KX4: 17 | KY4: 18 | KZ4: 19 | LA4: 20 | LB4: 21 | LC4: 22 | LD4: 23 | LE4: 24 | LF4: 25 | LG4: 26 | LH4: 27 | LI4: 28 | LJ4: 29 | LK4: 30 | LL4: 31 | LM4: 1 | LN4: 2 | LO4: 3 | LP4: 4 | LQ4: 5 | LR4: 6 | LS4: 7 | LT4: 8 | LU4: 9 | LV4: 10 | LW4: 11 | LX4: 12 | LY4: 13 | LZ4: 14 | MA4: 15 | MB4: 16 | MC4: 17 | MD4: 18 | ME4: 19 | MF4: 20 | MG4: 21 | MH4: 22 | MI4: 23 | MJ4: 24 | MK4: 25 | ML4: 26 | MM4: 27 | MN4: 28 | MO4: 29 | MP4: 30 | MQ4: 1 | MR4: 2 | MS4: 3 | MT4: 4 | MU4: 5 | MV4: 6 | MW4: 7 | MX4: 8 | MY4: 9 | MZ4: 10 | NA4: 11 | NB4: 12 | NC4: 13 | ND4: 14 | NE4: 15 | NF4: 16 | NG4: 17 | NH4: 18 | NI4: 19 | NJ4: 20 | NK4: 21 | NL4: 22 | NM4: 23 | NN4: 24 | NO4: 25 | NP4: 26 | NQ4: 27 | NR4: 28 | NS4: 29 | NT4: 30 | NU4: 31 | NV4: 1 | NW4: 2 | NX4: 3 | NY4: 4 | NZ4: 5 | OA4: 6 | OB4: 7 | OC4: 8 | OD4: 9 | OE4: 10 | OF4: 11 | OG4: 12 | OH4: 13 | OI4: 14 | OJ4: 15 | OK4: 16 | OL4: 17 | OM4: 18 | ON4: 19 | OO4: 20 | OP4: 21 | OQ4: 22 | OR4: 23 | OS4: 24 | OT4: 25 | OU4: 26 | OV4: 27 | OW4: 28 | OX4: 29 | OY4: 30 | OZ4: 31 | PA4: 1 | PB4: 2 | PC4: 3 | PD4: 4 | PE4: 5 | PF4: 6 | PG4: 7 | PH4: 8 | PI4: 9 | PJ4: 10 | PK4: 11 | PL4: 12 | PM4: 13 | PN4: 14 | PO4: 15 | PP4: 16 | PQ4: 17 | PR4: 18 | PS4: 19 | PT4: 20 | PU4: 21 | PV4: 22 | PW4: 23 | PX4: 24 | PY4: 25 | PZ4: 26 | QA4: 27 | QB4: 28 | QC4: 1 | QD4: 2 | QE4: 3 | QF4: 4 | QG4: 5 | QH4: 6 | QI4: 7 | QJ4: 8 | QK4: 9 | QL4: 10 | QM4: 11 | QN4: 12 | QO4: 13 | QP4: 14 | QQ4: 15 | QR4: 16 | QS4: 17 | QT4: 18 | QU4: 19 | QV4: 20 | QW4: 21 | QX4: 22 | QY4: 23 | QZ4: 24 | RA4: 25 | RB4: 26 | RC4: 27 | RD4: 28 | RE4: 29 | RF4: 30 | RG4: 31 | RH4: 1 | RI4: 2 | RJ4: 3 | RK4: 4 | RL4: 5 | RM4: 6 | RN4: 7 | RO4: 8 | RP4: 9 | RQ4: 10 | RR4: 11 | RS4: 12 | RT4: 13 | RU4: 14 | RV4: 15 | RW4: 16 | RX4: 17 | RY4: 18 | RZ4: 19 | SA4: 20 | SB4: 21 | SC4: 22 | SD4: 23 | SE4: 24 | SF4: 25 | SG4: 26 | SH4: 27 | SI4: 28 | SJ4: 29 | SK4: 30 | SL4: 1 | SM4: 2 | SN4: 3 | SO4: 4 | SP4: 5 | SQ4: 6 | SR4: 7 | SS4: 8 | ST4: 9 | SU4: 10 | SV4: 11 | SW4: 12 | SX4: 13 | SY4: 14 | SZ4: 15 | TA4: 16 | TB4: 17 | TC4: 18 | TD4: 19 | TE4: 20 | TF4: 21 | TG4: 22 | TH4: 23 | TI4: 24 | TJ4: 25 | TK4: 26 | TL4: 27 | TM4: 28 | TN4: 29 | TO4: 30 | TP4: 31 | TQ4: 1 | TR4: 2 | TS4: 3 | TT4: 4 | TU4: 5 | TV4: 6 | TW4: 7 | TX4: 8 | TY4: 9 | TZ4: 10 | UA4: 11 | UB4: 12 | UC4: 13 | UD4: 14 | UE4: 15 | UF4: 16 | UG4: 17 | UH4: 18 | UI4: 19 | UJ4: 20 | UK4: 21 | UL4: 22 | UM4: 23 | UN4: 24 | UO4: 25 | UP4: 26 | UQ4: 27 | UR4: 28 | US4: 29 | UT4: 30 | UU4: 1 | UV4: 2 | UW4: 3 | UX4: 4 | UY4: 5 | UZ4: 6 | VA4: 7 | VB4: 8 | VC4: 9 | VD4: 10 | VE4: 11 | VF4: 12 | VG4: 13 | VH4: 14 | VI4: 15 | VJ4: 16 | VK4: 17 | VL4: 18 | VM4: 19 | VN4: 20 | VO4: 21 | VP4: 22 | VQ4: 23 | VR4: 24 | VS4: 25 | VT4: 26 | VU4: 27 | VV4: 28 | VW4: 29 | VX4: 30 | VY4: 31 | VZ4: 1 | WA4: 2 | WB4: 3 | WC4: 4 | WD4: 5 | WE4: 6 | WF4: 7 | WG4: 8 | WH4: 9 | WI4: 10 | WJ4: 11 | WK4: 12 | WL4: 13 | WM4: 14 | WN4: 15 | WO4: 16 | WP4: 17 | WQ4: 18 | WR4: 19 | WS4: 20 | WT4: 21 | WU4: 22 | WV4: 23 | WW4: 24 | WX4: 25 | WY4: 26 | WZ4: 27 | XA4: 28 | XB4: 29 | XC4: 30 | XD4: 31 | XE4: 1 | XF4: 2 | XG4: 3 | XH4: 4 | XI4: 5 | XJ4: 6 | XK4: 7 | XL4: 8 | XM4: 9 | XN4: 10 | XO4: 11 | XP4: 12 | XQ4: 13 | XR4: 14 | XS4: 15 | XT4: 16 | XU4: 17 | XV4: 18 | XW4: 19 | XX4: 20 | XY4: 21 | XZ4: 22 | YA4: 23 | YB4: 24 | YC4: 25 | YD4: 26 | YE4: 27 | YF4: 28 | YG4: 29 | YH4: 30 | YI4: 1 | YJ4: 2 | YK4: 3 | YL4: 4 | YM4: 5 | YN4: 6 | YO4: 7 | YP4: 8 | YQ4: 9 | YR4: 10 | YS4: 11 | YT4: 12 | YU4: 13 | YV4: 14 | YW4: 15 | YX4: 16 | YY4: 17 | YZ4: 18 | ZA4: 19 | ZB4: 20 | ZC4: 21 | ZD4: 22 | ZE4: 23 | ZF4: 24 | ZG4: 25 | ZH4: 26 | ZI4: 27 | ZJ4: 28 | ZK4: 29 | ZL4: 30 | ZM4: 31 | ZN4: 1 | ZO4: 2 | ZP4: 3 | ZQ4: 4 | ZR4: 5 | ZS4: 6 | ZT4: 7 | ZU4: 8 | ZV4: 9 | ZW4: 10 | ZX4: 11 | ZY4: 12 | ZZ4: 13 | AAA4: 14 | AAB4: 15 | AAC4: 16 | AAD4: 17 | AAE4: 18 | AAF4: 19 | AAG4: 20 | AAH4: 21 | AAI4: 22 | AAJ4: 23 | AAK4: 24 | AAL4: 25 | AAM4: 26 | AAN4: 27 | AAO4: 28 | AAP4: 29 | AAQ4: 30 | AAR4: 1 | AAS4: 2 | AAT4: 3 | AAU4: 4 | AAV4: 5 | AAW4: 6 | AAX4: 7 | AAY4: 8 | AAZ4: 9 | ABA4: 10 | ABB4: 11 | ABC4: 12 | ABD4: 13 | ABE4: 14 | ABF4: 15 | ABG4: 16 | ABH4: 17 | ABI4: 18 | ABJ4: 19 | ABK4: 20 | ABL4: 21 | ABM4: 22 | ABN4: 23 | ABO4: 24 | ABP4: 25 | ABQ4: 26 | ABR4: 27 | ABS4: 28 | ABT4: 29 | ABU4: 30 | ABV4: 31 | ABW4: 1 | ABX4: 2 | ABY4: 3 | ABZ4: 4 | ACA4: 5 | ACB4: 6 | ACC4: 7 | ACD4: 8 | ACE4: 9 | ACF4: 10 | ACG4: 11 | ACH4: 12 | ACI4: 13 | ACJ4: 14 | ACK4: 15 | ACL4: 16 | ACM4: 17 | ACN4: 18 | ACO4: 19 | ACP4: 20 | ACQ4: 21 | ACR4: 22 | ACS4: 23 | ACT4: 24 | ACU4: 25 | ACV4: 26 | ACW4: 27 | ACX4: 28 | ACY4: 29 | ACZ4: 30 | ADA4: 31 | ADB4: 1 | ADC4: 2 | ADD4: 3 | ADE4: 4 | ADF4: 5 | ADG4: 6 | ADH4: 7 | ADI4: 8 | ADJ4: 9 | ADK4: 10 | ADL4: 11 | ADM4: 12 | ADN4: 13 | ADO4: 14 | ADP4: 15 | ADQ4: 16 | ADR4: 17 | ADS4: 18 | ADT4: 19 | ADU4: 20 | ADV4: 21 | ADW4: 22 | ADX4: 23 | ADY4: 24 | ADZ4: 25 | AEA4: 26 | AEB4: 27 | AEC4: 28 | AED4: 1 | AEE4: 2 | AEF4: 3 | AEG4: 4 | AEH4: 5 | AEI4: 6 | AEJ4: 7 | AEK4: 8 | AEL4: 9 | AEM4: 10 | AEN4: 11 | AEO4: 12 | AEP4: 13 | AEQ4: 14 | AER4: 15 | AES4: 16 | AET4: 17 | AEU4: 18 | AEV4: 19 | AEW4: 20 | AEX4: 21 | AEY4: 22 | AEZ4: 23 | AFA4: 24 | AFB4: 25 | AFC4: 26 | AFD4: 27 | AFE4: 28 | AFF4: 29 | AFG4: 30 | AFH4: 31 | AFI4: 1 | AFJ4: 2 | AFK4: 3 | AFL4: 4 | AFM4: 5 | AFN4: 6 | AFO4: 7 | AFP4: 8 | AFQ4: 9 | AFR4: 10 | AFS4: 11 | AFT4: 12 | AFU4: 13 | AFV4: 14 | AFW4: 15 | AFX4: 16 | AFY4: 17 | AFZ4: 18 | AGA4: 19 | AGB4: 20 | AGC4: 21 | AGD4: 22 | AGE4: 23 | AGF4: 24 | AGG4: 25 | AGH4: 26 | AGI4: 27 | AGJ4: 28 | AGK4: 29 | AGL4: 30 | AGM4: 1 | AGN4: 2 | AGO4: 3 | AGP4: 4 | AGQ4: 5 | AGR4: 6 | AGS4: 7 | AGT4: 8 | AGU4: 9 | AGV4: 10 | AGW4: 11 | AGX4: 12 | AGY4: 13 | AGZ4: 14 | AHA4: 15 | AHB4: 16 | AHC4: 17 | AHD4: 18 | AHE4: 19 | AHF4: 20 | AHG4: 21 | AHH4: 22 | AHI4: 23 | AHJ4: 24 | AHK4: 25 | AHL4: 26 | AHM4: 27 | AHN4: 28 | AHO4: 29 | AHP4: 30 | AHQ4: 31 | AHR4: 1 | AHS4: 2 | AHT4: 3 | AHU4: 4 | AHV4: 5 | AHW4: 6 | AHX4: 7 | AHY4: 8 | AHZ4: 9 | AIA4: 10 | AIB4: 11 | AIC4: 12 | AID4: 13 | AIE4: 14 | AIF4: 15 | AIG4: 16 | AIH4: 17 | AII4: 18 | AIJ4: 19 | AIK4: 20 | AIL4: 21 | AIM4: 22 | AIN4: 23 | AIO4: 24 | AIP4: 25 | AIQ4: 26 | AIR4: 27 | AIS4: 28 | AIT4: 29 | AIU4: 30 | AIV4: 1 | AIW4: 2 | AIX4: 3 | AIY4: 4 | AIZ4: 5 | AJA4: 6 | AJB4: 7 | AJC4: 8 | AJD4: 9 | AJE4: 10 | AJF4: 11 | AJG4: 12 | AJH4: 13 | AJI4: 14 | AJJ4: 15 | AJK4: 16 | AJL4: 17 | AJM4: 18 | AJN4: 19 | AJO4: 20 | AJP4: 21 | AJQ4: 22 | AJR4: 23 | AJS4: 24 | AJT4: 25 | AJU4: 26 | AJV4: 27 | AJW4: 28 | AJX4: 29 | AJY4: 30 | AJZ4: 31 | AKA4: 1 | AKB4: 2 | AKC4: 3 | AKD4: 4 | AKE4: 5 | AKF4: 6 | AKG4: 7 | AKH4: 8 | AKI4: 9 | AKJ4: 10 | AKK4: 11 | AKL4: 12 | AKM4: 13 | AKN4: 14 | AKO4: 15 | AKP4: 16 | AKQ4: 17 | AKR4: 18 | AKS4: 19 | AKT4: 20 | AKU4: 21 | AKV4: 22 | AKW4: 23 | AKX4: 24 | AKY4: 25 | AKZ4: 26 | ALA4: 27 | ALB4: 28 | ALC4: 29 | ALD4: 30 | ALE4: 31 | ALF4: 1 | ALG4: 2 | ALH4: 3 | ALI4: 4 | ALJ4: 5 | ALK4: 6 | ALL4: 7 | ALM4: 8 | ALN4: 9 | ALO4: 10 | ALP4: 11 | ALQ4: 12 | ALR4: 13 | ALS4: 14 | ALT4: 15 | ALU4: 16 | ALV4: 17 | ALW4: 18 | ALX4: 19 | ALY4: 20 | ALZ4: 21 | AMA4: 22 | AMB4: 23 | AMC4: 24 | AMD4: 25 | AME4: 26 | AMF4: 27 | AMG4: 28 | AMH4: 29 | AMI4: 30 | AMJ4: 1 | AMK4: 2 | AML4: 3 | AMM4: 4 | AMN4: 5 | AMO4: 6 | AMP4: 7 | AMQ4: 8 | AMR4: 9 | AMS4: 10 | AMT4: 11 | AMU4: 12 | AMV4: 13 | AMW4: 14 | AMX4: 15 | AMY4: 16 | AMZ4: 17 | ANA4: 18 | ANB4: 19 | ANC4: 20 | AND4: 21 | ANE4: 22 | ANF4: 23 | ANG4: 24 | ANH4: 25 | ANI4: 26 | ANJ4: 27 | ANK4: 28 | ANL4: 29 | ANM4: 30 | ANN4: 31 | ANO4: 1 | ANP4: 2 | ANQ4: 3 | ANR4: 4 | ANS4: 5 | ANT4: 6 | ANU4: 7 | ANV4: 8 | ANW4: 9 | ANX4: 10 | ANY4: 11 | ANZ4: 12 | AOA4: 13 | AOB4: 14 | AOC4: 15 | AOD4: 16 | AOE4: 17 | AOF4: 18 | AOG4: 19 | AOH4: 20 | AOI4: 21 | AOJ4: 22 | AOK4: 23 | AOL4: 24 | AOM4: 25 | AON4: 26 | AOO4: 27 | AOP4: 28 | AOQ4: 29 | AOR4: 30 | AOS4: 1 | AOT4: 2 | AOU4: 3 | AOV4: 4 | AOW4: 5 | AOX4: 6 | AOY4: 7 | AOZ4: 8 | APA4: 9 | APB4: 10 | APC4: 11 | APD4: 12 | APE4: 13 | APF4: 14 | APG4: 15 | APH4: 16 | API4: 17 | APJ4: 18 | APK4: 19 | APL4: 20 | APM4: 21 | APN4: 22 | APO4: 23 | APP4: 24 | APQ4: 25 | APR4: 26 | APS4: 27 | APT4: 28 | APU4: 29 | APV4: 30 | APW4: 31 | APX4: 1 | APY4: 2 | APZ4: 3 | AQA4: 4 | AQB4: 5 | AQC4: 6 | AQD4: 7 | AQE4: 8 | AQF4: 9 | AQG4: 10 | AQH4: 11 | AQI4: 12 | AQJ4: 13 | AQK4: 14 | AQL4: 15 | AQM4: 16 | AQN4: 17 | AQO4: 18 | AQP4: 19 | AQQ4: 20 | AQR4: 21 | AQS4: 22 | AQT4: 23 | AQU4: 24 | AQV4: 25 | AQW4: 26 | AQX4: 27 | AQY4: 28 | AQZ4: 29 | ARA4: 30 | ARB4: 31 | ARC4: 1 | ARD4: 2 | ARE4: 3 | ARF4: 4 | ARG4: 5 | ARH4: 6 | ARI4: 7 | ARJ4: 8 | ARK4: 9 | ARL4: 10 | ARM4: 11 | ARN4: 12 | ARO4: 13 | ARP4: 14 | ARQ4: 15 | ARR4: 16 | ARS4: 17 | ART4: 18 | ARU4: 19 | ARV4: 20 | ARW4: 21 | ARX4: 22 | ARY4: 23 | ARZ4: 24 | ASA4: 25 | ASB4: 26 | ASC4: 27 | ASD4: 28 | ASE4: 1 | ASF4: 2 | ASG4: 3 | ASH4: 4 | ASI4: 5 | ASJ4: 6 | ASK4: 7 | ASL4: 8 | ASM4: 9 | ASN4: 10 | ASO4: 11 | ASP4: 12 | ASQ4: 13 | ASR4: 14 | ASS4: 15 | AST4: 16 | ASU4: 17 | ASV4: 18 | ASW4: 19 | ASX4: 20 | ASY4: 21 | ASZ4: 22 | ATA4: 23 | ATB4: 24 | ATC4: 25 | ATD4: 26 | ATE4: 27 | ATF4: 28 | ATG4: 29 | ATH4: 30 | ATI4: 31
B5: 259020 | C5: 海下P-99 9/1 | E5: 2.5ｔ | F5: 日ファブ | QT5: 出図 | AJV5: 罫書 | AJW5: 罫書 | AJX5: 罫書切断 | AJY5: 罫書切断 | AJZ5: 罫書切断 | AKD5: 削り仕上 | AKE5: 削り仕上 | AKF5: 削り仕上 | AKG5: ２R | AKJ5: 仕上げ | AKQ5: 仕上げ | AKR5: 仕上げ | AKS5: 仕上げ | AKT5: 座繰り | AKU5: 座繰り | AKX5: 座繰り | AKY5: 座繰り | AKZ5: 仕上げ | ALA5: 歪取 | ALB5: 歪取 | ALE5: 歪取 | ALF5: 歪取 | ALG5: 仕上げ | ALH5: ブラスト | ALI5: 戻り | ALL5: 塗装 | ALM5: 塗装 | ALN5: 塗装 | ALO5: 塗装 | ALP5: 仕上げ | ALS5: 仕上げ | ALT5: 完成検査
A6: 過去平均 | B6: 120 | C6: 組立前 | D6: =SUM(I6:NZ6) -> 0 | E6: =SUM(D6/G6) -> #DIV/0! | H6: =SUM(I6:ATR6) -> 120 | AJV6: 6 | AJW6: 6 | AJX6: 6 | AJY6: 6 | AJZ6: 6 | AKD6: 6 | AKE6: 6 | AKF6: 6 | AKR6: 6 | AKS6: 6 | AKZ6: 6 | ALA6: 6 | ALB6: 6 | ALE6: 6 | ALF6: 6 | ALI6: 3 | ALL6: 6 | ALM6: 6 | ALN6: 6 | ALO6: 3 | ALP6: 3 | ALS6: 3
A7: 製造予定 | C7: 組立 | D7: =SUM(I7:NZ7) -> 0 | E7: =SUM(D7/G7) -> #DIV/0! | H7: =SUM(I7:ATR7) -> 0
A8: 営業予定 | C8: 溶接 | D8: =SUM(I8:NZ8) -> 0 | E8: =SUM(D8/G8) -> #DIV/0! | H8: =SUM(I8:ATR8) -> 0
B9: 実数時間 | C9: 歪取り | D9: =SUM(I9:NZ9) -> 0 | E9: =SUM(D9/G9) -> #DIV/0! | H9: =SUM(I9:ATR9) -> 0
B10: =D12 -> 0 | C10: 塗装 | D10: =SUM(I10:NZ10) -> 0 | E10: =SUM(D10/G10) -> #DIV/0! | H10: =SUM(I10:ATR10) -> 0
A11: 目標比率 | B11: =SUM(B10/(B6*E13/100)) -> #DIV/0! | C11: 仕上げ | D11: =SUM(I11:NZ11) -> 0 | E11: =SUM(D11/G11) -> #DIV/0! | H11: =SUM(I11:ATR11) -> 0
A12: 目標比率 | B12: =SUM(B10/(B7*E13/100)) -> #DIV/0! | C12: 小計 | D12: =SUM(D6:D11) -> 0 | E12: 2.5 | H12: =SUM(H6:H11) -> 120
A13: 目標比率 | B13: =SUM(B10/(B8*E13/100)) -> #DIV/0! | C13: =SUM(B10/(E12*E13/100)) -> #DIV/0! | D13: H | E13: 0 | F13: 10
B14: 面積 | C14: 10 | E14: 2.5 | F14: 3 | G14: 3.5 | H14: 4 | AJV14: =$C14*$E14 -> 25 | AJW14: =$C14*$E14 -> 25 | AJX14: =$C14*$E14 -> 25 | AJY14: =$C14*$E14 -> 25 | AJZ14: =$C14*$E14 -> 25 | AKA14: =$C14*$E14 -> 25 | AKB14: =$C14*$E14 -> 25 | AKC14: =$C14*$E14 -> 25 | ... ALV14: =$C14*$E14 -> 25
B15: 262015 | C15: 池P-101下りFace取替 9/30 | D15: 出図待ち | E15: 3.174ｔ | F15: 深井建設 | AJV15: 罫書 | AJW15: 罫書切断 | AJX15: 罫書切断 | AJY15: 罫書桁孔 | AJZ15: 開先仕上 | AKC15: 削り仕上 | AKD15: 継W | AKE15: 継W溝出 | AKF15: UT検？ | AKG15: ２R | AKH15: 逆歪削り | AKJ15: 逆歪削り | AKQ15: 仕上げ | AKR15: 仕上げ | AKS15: 仕上げ | AKU15: 仕上げ | AKY15: 仕上げ | AKZ15: 座繰り | ALA15: 座繰り | ALD15: 座繰り | ALE15: 座繰り | ALF15: 座繰り | ALG15: 歪取 | ALH15: 歪取 | ALK15: 仕上げ | ALL15: 塗前検査 | ALN15: ブラスト | ALO15: 戻り | ALR15: 塗装 | ALS15: 塗装 | ALT15: 塗装 | ALU15: 塗装 | ALV15: 塗装 | AMB15: 仕上げ | AMC15: 仕上げ | AMD15: 仕上げ | AME15: 仕上げ | AMH15: 完成検査 | AMI15: 納期
A16: 過去平均 | B16: 80 | C16: 組立前 | D16: =SUM(I16:NZ16) -> 0 | E16: =SUM(D16/G16) -> #DIV/0! | H16: =SUM(I16:ATR16) -> 84 | AJY16: 6 | AJZ16: 6 | AKC16: 6 | AKG16: 6 | AKH16: 6 | AKU16: 6 | AKY16: 6 | ALF16: 6 | ALH16: 6 | ALK16: 6 | ALU16: 6 | ALV16: 6 | AMC16: 6 | AMD16: 6
A17: 製造予定 | C17: 組立 | D17: =SUM(I17:NZ17) -> 0 | E17: =SUM(D17/G17) -> #DIV/0! | H17: =SUM(I17:ATR17) -> 0
A18: 営業予定 | C18: 溶接 | D18: =SUM(I18:NZ18) -> 0 | E18: =SUM(D18/G18) -> #DIV/0! | H18: =SUM(I18:ATR18) -> 0
B19: 実数時間 | C19: 歪取り | D19: =SUM(I19:NZ19) -> 0 | E19: =SUM(D19/G19) -> #DIV/0! | H19: =SUM(I19:ATR19) -> 0
B20: =D22 -> 0 | C20: 塗装 | D20: =SUM(I20:NZ20) -> 0 | E20: =SUM(D20/G20) -> #DIV/0! | H20: =SUM(I20:ATR20) -> 0
A21: 目標比率 | B21: =SUM(B20/(B16*E23/100)) -> #DIV/0! | C21: 仕上げ | D21: =SUM(I21:NZ21) -> 0 | E21: =SUM(D21/G21) -> #DIV/0! | H21: =SUM(I21:ATR21) -> 0
A22: 目標比率 | B22: =SUM(B20/(B17*E23/100)) -> #DIV/0! | C22: 小計 | D22: =SUM(D16:D21) -> 0 | E22: 3.174 | H22: =SUM(H16:H21) -> 84
A23: 目標比率 | B23: =SUM(B20/(B18*E23/100)) -> #DIV/0! | C23: =SUM(B20/(E22*E23/100)) -> #DIV/0! | D23: H | E23: 0 | F23: 10
B24: 面積 | C24: 10 | E24: 2.5 | F24: 3 | G24: 3.5 | H24: 4 | AJV24: =$C24*$E24 -> 25 | AJW24: =$C24*$E24 -> 25 | AJX24: =$C24*$E24 -> 25 | AJY24: =$C24*$E24 -> 25 | AJZ24: =$C24*$E24 -> 25 | AKA24: =$C24*$E24 -> 25 | AKB24: =$C24*$E24 -> 25 | AKC24: =$C24*$E24 -> 25 | ... AMG24: =$C24*$E24 -> 25
B25: 262016 | C25: 池P-22下りFace取替 9/30 | E25: 2.944ｔ | F25: 深井建設 | AJV25: 罫書 | AJW25: 罫書切断 | AJX25: 罫書切断 | AJY25: 罫書桁孔 | AJZ25: 開先仕上 | AKC25: 削り仕上 | AKD25: 継W | AKE25: 継W溝出 | AKF25: UT検？ | AKG25: ２R | AKH25: 逆歪削り | AKJ25: 逆歪削り | AKQ25: 仕上げ | AKR25: 仕上げ | AKS25: 仕上げ | AKU25: 仕上げ | AKY25: 仕上げ | AKZ25: 座繰り | ALA25: 座繰り | ALD25: 座繰り | ALE25: 座繰り | ALF25: 座繰り | ALG25: 歪取 | ALH25: 歪取 | ALK25: 仕上げ | ALL25: 塗前検査 | ALN25: ブラスト | ALO25: 戻り | ALR25: 塗装 | ALS25: 塗装 | ALT25: 塗装 | ALU25: 塗装 | ALV25: 塗装 | AMB25: 仕上げ | AMC25: 仕上げ | AMD25: 仕上げ | AME25: 仕上げ | AMH25: 完成検査 | AMI25: 納期
A26: 過去平均 | B26: 74 | C26: 組立前 | D26: =SUM(I26:NZ26) -> 0 | E26: =SUM(D26/G26) -> #DIV/0! | H26: =SUM(I26:ATR26) -> 84 | AJY26: 6 | AJZ26: 6 | AKC26: 6 | AKG26: 6 | AKH26: 6 | AKU26: 6 | AKY26: 6 | ALF26: 6 | ALH26: 6 | ALK26: 6 | ALU26: 6 | ALV26: 6 | AMC26: 6 | AMD26: 6
A27: 製造予定 | C27: 組立 | D27: =SUM(I27:NZ27) -> 0 | E27: =SUM(D27/G27) -> #DIV/0! | H27: =SUM(I27:ATR27) -> 0
A28: 営業予定 | C28: 溶接 | D28: =SUM(I28:NZ28) -> 0 | E28: =SUM(D28/G28) -> #DIV/0! | H28: =SUM(I28:ATR28) -> 0
B29: 実数時間 | C29: 歪取り | D29: =SUM(I29:NZ29) -> 0 | E29: =SUM(D29/G29) -> #DIV/0! | H29: =SUM(I29:ATR29) -> 0
B30: =D32 -> 0 | C30: 塗装 | D30: =SUM(I30:NZ30) -> 0 | E30: =SUM(D30/G30) -> #DIV/0! | H30: =SUM(I30:ATR30) -> 0
A31: 目標比率 | B31: =SUM(B30/(B26*E33/100)) -> #DIV/0! | C31: 仕上げ | D31: =SUM(I31:NZ31) -> 0 | E31: =SUM(D31/G31) -> #DIV/0! | H31: =SUM(I31:ATR31) -> 0
A32: 目標比率 | B32: =SUM(B30/(B27*E33/100)) -> #DIV/0! | C32: 小計 | D32: =SUM(D26:D31) -> 0 | E32: 2.944 | H32: =SUM(H26:H31) -> 84
A33: 目標比率 | B33: =SUM(B30/(B28*E33/100)) -> #DIV/0! | C33: =SUM(B30/(E32*E33/100)) -> #DIV/0! | D33: H | E33: 0 | F33: 10
B34: 面積 | C34: 10 | E34: 2.5 | F34: 3 | G34: 3.5 | H34: 4 | AJV34: =$C34*$E34 -> 25 | AJW34: =$C34*$E34 -> 25 | AJX34: =$C34*$E34 -> 25 | AJY34: =$C34*$E34 -> 25 | AJZ34: =$C34*$E34 -> 25 | AKA34: =$C34*$E34 -> 25 | AKB34: =$C34*$E34 -> 25 | AKC34: =$C34*$E34 -> 25 | ... AMH34: =$C34*$E34 -> 25
B35: 259028 | C35: 下高井戸鋼桁(Gc2Gc3)10月 | E35: 端部補強1.7ｔ | F35: 日ファブ | QT35: 出図 | AFH35: 出図予定 | AHO35: 出図予定 | AKC35: 罫書 | AKD35: 罫書 | AKE35: 罫書 | AKF35: 罫書 | AKH35: 組立 | AKS35: 組立 | AKT35: 組立 | AKV35: 溶接 | AKW35: 溶接 | AKX35: 溶接 | AKZ35: 溶接 | ALA35: 溶接 | ALB35: 溶接 | ALC35: 溶接 | ALD35: 溶接 | ALG35: 歪取 | ALH35: 歪取 | ALI35: 歪取 | ALJ35: 歪取 | ALK35: 歪取 | ALN35: 仕上げ | ALO35: 仕上げ | ALP35: 仕上げ | ALQ35: 仕上げ | ALR35: ブラスト | ALS35: 戻り | ALT35: 塗装 | ALU35: 塗装 | ALV35: 塗装 | ALX35: 塗装 | ALY35: 塗装 | ALZ35: 仕上げ | AMA35: 仕上げ | AMB35: 仕上げ | AMC35: 仕上げ | AME35: 仕上げ | AMF35: 仕上げ | AMG35: 仕上げ | AMH35: 完成検査
A36: 過去平均 | B36: 120 | C36: 組立前 | D36: =SUM(I36:NZ36) -> 0 | E36: =SUM(D36/G36) -> #DIV/0! | H36: =SUM(I36:ATR36) -> 102 | AKC36: 6 | AKD36: 6 | AKE36: 6 | AKS36: 6 | AKT36: 6 | AKU36: 6 | ALF36: 6 | ALG36: 6 | ALO36: 6 | ALP36: 6 | ALQ36: 6 | ALX36: 6 | ALY36: 6 | ALZ36: 6 | AMA36: 6 | AMD36: 6 | AME36: 6
A37: 製造予定 | C37: 組立 | D37: =SUM(I37:NZ37) -> 0 | E37: =SUM(D37/G37) -> #DIV/0! | H37: =SUM(I37:ATR37) -> 0
A38: 営業予定 | C38: 溶接 | D38: =SUM(I38:NZ38) -> 0 | E38: =SUM(D38/G38) -> #DIV/0! | H38: =SUM(I38:ATR38) -> 24 | AKX38: 6 | AKY38: 6 | ALB38: 6 | ALC38: 6
B39: 実数時間 | C39: 歪取り | D39: =SUM(I39:NZ39) -> 0 | E39: =SUM(D39/G39) -> #DIV/0! | H39: =SUM(I39:ATR39) -> 0
B40: =D42 -> 0 | C40: 塗装 | D40: =SUM(I40:NZ40) -> 0 | E40: =SUM(D40/G40) -> #DIV/0! | H40: =SUM(I40:ATR40) -> 0
A41: 目標比率 | B41: =SUM(B40/(B36*E43/100)) -> #DIV/0! | C41: 仕上げ | D41: =SUM(I41:NZ41) -> 0 | E41: =SUM(D41/G41) -> #DIV/0! | H41: =SUM(I41:ATR41) -> 0
A42: 目標比率 | B42: =SUM(B40/(B37*E43/100)) -> #DIV/0! | C42: 小計 | D42: =SUM(D36:D41) -> 0 | E42: 1.7 | H42: =SUM(H36:H41) -> 126
A43: 目標比率 | B43: =SUM(B40/(B38*E43/100)) -> #DIV/0! | C43: =SUM(B40/(E42*E43/100)) -> #DIV/0! | D43: H | E43: 0 | F43: 10
B44: 面積 | C44: 10 | E44: 2.5 | F44: 3 | G44: 3.5 | H44: 4 | AKC44: =$C44*$E44 -> 25 | AKD44: =$C44*$E44 -> 25 | AKE44: =$C44*$E44 -> 25 | AKF44: =$C44*$E44 -> 25 | AKG44: =$C44*$E44 -> 25 | AKH44: =$C44*$E44 -> 25 | AKI44: =$C44*$E44 -> 25 | AKJ44: =$C44*$E44 -> 25 | ... AMI44: =$C44*$E44 -> 25
B45: 259022 | C45: 海下P-86 12/15 | E45: 2.5ｔ | F45: 日ファブ | QT45: 出図 | AMN45: 罫書 | AMO45: 罫書切断 | AMP45: 罫書切断 | AMQ45: 罫書桁孔 | AMR45: 開先仕上 | AMS45: 削り仕上 | AMU45: 継W | AMV45: 継W溝出 | AMW45: UT検？ | AMX45: ２R | AMY45: 逆歪削り | AMZ45: 逆歪削り | ANB45: 仕上げ | ANC45: 仕上げ | AND45: 仕上げ | ANE45: 仕上げ | ANF45: 仕上げ | ANG45: 仕上げ | ANH45: 座繰り | ANI45: 座繰り | ANJ45: 座繰り | ANK45: 座繰り | ANL45: 座繰り | ANM45: 仕上げ | ANP45: 仕上げ | ANQ45: 仕上げ | ANR45: 仕上げ | ANS45: 仕上げ | ANT45: 仕上げ | ANV45: 仕上げ | ANW45: ブラスト | ANX45: 戻り | ANY45: 塗装 | ANZ45: 塗装 | AOA45: 塗装 | AOC45: 塗装 | AOD45: 塗装 | AOE45: 仕上げ | AOF45: 仕上げ | AOG45: 仕上げ | AOH45: 仕上げ | AOJ45: 仕上げ | AOK45: 仕上げ | AOL45: 仕上げ | AOM45: 完成検査 | APG45: 納期
A46: 過去平均 | B46: 120 | C46: 組立前 | D46: =SUM(I46:NZ46) -> 0 | E46: =SUM(D46/G46) -> #DIV/0! | H46: =SUM(I46:ATR46) -> 126 | AMN46: 6 | AMO46: 6 | AMP46: 6 | AMT46: 6 | AMU46: 6 | AMV46: 6 | ANC46: 6 | AND46: 6 | ANG46: 6 | ANH46: 6 | ANK46: 6 | ANL46: 6 | ANU46: 6 | ANV46: 6 | ANW46: 6 | AOC46: 6 | AOD46: 6 | AOE46: 6 | AOF46: 6 | AOI46: 6 | AOJ46: 6
A47: 製造予定 | C47: 組立 | D47: =SUM(I47:NZ47) -> 0 | E47: =SUM(D47/G47) -> #DIV/0! | H47: =SUM(I47:ATR47) -> 0
A48: 営業予定 | C48: 溶接 | D48: =SUM(I48:NZ48) -> 0 | E48: =SUM(D48/G48) -> #DIV/0! | H48: =SUM(I48:ATR48) -> 0
B49: 実数時間 | C49: 歪取り | D49: =SUM(I49:NZ49) -> 0 | E49: =SUM(D49/G49) -> #DIV/0! | H49: =SUM(I49:ATR49) -> 0
B50: =D52 -> 0 | C50: 塗装 | D50: =SUM(I50:NZ50) -> 0 | E50: =SUM(D50/G50) -> #DIV/0! | H50: =SUM(I50:ATR50) -> 0
A51: 目標比率 | B51: =SUM(B50/(B46*E53/100)) -> #DIV/0! | C51: 仕上げ | D51: =SUM(I51:NZ51) -> 0 | E51: =SUM(D51/G51) -> #DIV/0! | H51: =SUM(I51:ATR51) -> 0
A52: 目標比率 | B52: =SUM(B50/(B47*E53/100)) -> #DIV/0! | C52: 小計 | D52: =SUM(D46:D51) -> 0 | E52: 2.5 | H52: =SUM(H46:H51) -> 126
A53: 目標比率 | B53: =SUM(B50/(B48*E53/100)) -> #DIV/0! | C53: =SUM(B50/(E52*E53/100)) -> #DIV/0! | D53: H | E53: 0 | F53: 10
B54: 面積 | C54: 10 | E54: 2.5 | F54: 3 | G54: 3.5 | H54: 4 | AMN54: =$C54*$E54/2 -> 12.5 | AMO54: =$C54*$E54/2 -> 12.5 | AMP54: =$C54*$E54/2 -> 12.5 | AMQ54: =$C54*$E54/2 -> 12.5 | AMR54: =$C54*$E54/2 -> 12.5 | AMS54: =$C54*$E54/2 -> 12.5 | AMT54: =$C54*$E54/2 -> 12.5 | AMU54: =$C54*$E54/2 -> 12.5 | ... AON54: =$C54*$E54/2 -> 12.5
B55: 263003 | C55: 江永橋橋梁補修 12/20 | E55: 2.903ｔ | F55: 深井建設 | OY55: 出図予定 | AMN55: 罫書 | AMO55: 罫書孔明 | AMP55: 罫書孔明 | AMQ55: 罫書孔明 | AMR55: 罫書孔明 | AMV55: 開先 | AMW55: 開先 | AMX55: 開先 | AMY55: 仕上げ | AMZ55: 仕上げ | ANB55: 組立溶接 | ANC55: 組立溶接 | AND55: 組立溶接 | ANE55: 組立溶接 | ANF55: 組立溶接 | ANI55: 組立溶接 | ANJ55: 組立溶接 | ANK55: 組立溶接 | ANR55: 歪取仕上 | ANS55: 歪取仕上 | ANT55: 歪取仕上 | ANW55: 歪取仕上 | ANX55: 歪取仕上 | ANY55: 歪取仕上 | ANZ55: 歪取仕上 | AOA55: 歪取仕上 | AOD55: ブラスト | AOE55: 仕上げ | AOF55: 仕上げ | AOG55: 仕上げ | AOH55: 仕上げ | AOL55: 仕上げ | AOM55: 仕上げ | AON55: 仕上げ | AOO55: 仕上げ | AOP55: 仕上げ | APL55: 納期
A56: 過去平均 | B56: 90 | C56: 組立前 | D56: =SUM(I56:NZ56) -> 0 | E56: =SUM(D56/G56) -> #DIV/0! | H56: =SUM(I56:ATR56) -> 100 | AMN56: 4 | AMO56: 4 | AMP56: 4 | AMQ56: 4 | AMR56: 4 | AMV56: 4 | AMW56: 4 | AMX56: 4 | AMY56: 4 | ANB56: 4 | ANC56: 4 | AND56: 4 | ANE56: 4 | ANF56: 4 | ANI56: 4 | ANJ56: 4 | ANK56: 4 | ANR56: 4 | ANS56: 4 | ANT56: 4 | AOD56: 4 | AOE56: 4 | AOF56: 4 | AOG56: 4 | AOH56: 4
A57: 製造予定 | C57: 組立 | D57: =SUM(I57:NZ57) -> 0 | E57: =SUM(D57/G57) -> #DIV/0! | H57: =SUM(I57:ATR57) -> 0
A58: 営業予定 | C58: 溶接 | D58: =SUM(I58:NZ58) -> 0 | E58: =SUM(D58/G58) -> #DIV/0! | H58: =SUM(I58:ATR58) -> 0
B59: 実数時間 | C59: 歪取り | D59: =SUM(I59:NZ59) -> 0 | E59: =SUM(D59/G59) -> #DIV/0! | H59: =SUM(I59:ATR59) -> 0
B60: =D62 -> 0 | C60: 塗装 | D60: =SUM(I60:NZ60) -> 0 | E60: =SUM(D60/G60) -> #DIV/0! | H60: =SUM(I60:ATR60) -> 0
A61: 目標比率 | B61: =SUM(B60/(B56*E63/100)) -> #DIV/0! | C61: 仕上げ | D61: =SUM(I61:NZ61) -> 0 | E61: =SUM(D61/G61) -> #DIV/0! | H61: =SUM(I61:ATR61) -> 0
A62: 目標比率 | B62: =SUM(B60/(B57*E63/100)) -> #DIV/0! | C62: 小計 | D62: =SUM(D56:D61) -> 0 | E62: 2.903 | H62: =SUM(H56:H61) -> 100
A63: 目標比率 | B63: =SUM(B60/(B58*E63/100)) -> #DIV/0! | C63: =SUM(B60/(E62*E63/100)) -> #DIV/0! | D63: H | E63: 0 | F63: 10
B64: 面積 | C64: 18 | E64: 2.5 | F64: 3 | G64: 3.5 | H64: 4 | AMN64: =$C64*$E64 -> 45 | AMO64: =$C64*$E64 -> 45 | AMP64: =$C64*$E64 -> 45 | AMQ64: =$C64*$E64 -> 45 | AMR64: =$C64*$E64 -> 45 | AMS64: =$C64*$E64 -> 45 | AMT64: =$C64*$E64 -> 45 | AMU64: =$C64*$E64 -> 45 | ... ANC64: =$C64*$E64 -> 45 | AND64: =$C64*$F64 -> 54 | ANE64: =$C64*$F64 -> 54 | ANF64: =$C64*$F64 -> 54 | ANG64: =$C64*$F64 -> 54 | ANH64: =$C64*$F64 -> 54 | ANI64: =$C64*$F64 -> 54 | ANJ64: =$C64*$F64 -> 54 | ANK64: =$C64*$F64 -> 54 | ... ANY64: =$C64*$F64 -> 54 | ANZ64: =$C64*$G64 -> 63 | AOA64: =$C64*$G64 -> 63 | AOB64: =$C64*$G64 -> 63 | AOC64: =$C64*$G64 -> 63 | AOD64: =$C64*$G64 -> 63 | AOE64: =$C64*$G64 -> 63 | AOF64: =$C64*$G64 -> 63 | AOG64: =$C64*$G64 -> 63 | ... AOM64: =$C64*$G64 -> 63 | AON64: =$C64*$H64 -> 72 | AOO64: =$C64*$H64 -> 72 | AOP64: =$C64*$H64 -> 72 | AOQ64: =$C64*$H64 -> 72 | AOR64: =$C64*$H64 -> 72 | AOS64: =$C64*$H64 -> 72 | AOT64: =$C64*$H64 -> 72 | AOU64: =$C64*$H64 -> 72 | AOV64: =$C64*$E64 -> 45 | AOW64: =$C64*$E64 -> 45 | AOX64: =$C64*$E64 -> 45 | AOY64: =$C64*$E64 -> 45 | AOZ64: =$C64*$E64 -> 45 | APA64: =$C64*$E64 -> 45 | APB64: =$C64*$E64 -> 45 | APC64: =$C64*$E64 -> 45 | APD64: =$C64*$E64 -> 45
B65: 246011 | C65: 新町谷川橋他3橋 27/1/8 | E65: 30.646ｔ | F65: JFE津 | G65: 4 | XB65: 出図予定 | ABC65: 出図新町 | ABR65: 原寸開始 | AJP65: 新町A1A2分伊賀工場製作 | ALL65: 罫書 | ALM65: 罫書切断 | ALN65: 罫書切断 | ALO65: 罫書桁孔 | ALP65: 開先仕上 | ALS65: 削り仕上 | ALT65: 継W | ALU65: 継W溝出 | ALV65: UT検？ | ALW65: ２R | AMC65: 逆歪削り | AMD65: 逆歪削り | AME65: 仕上げ | AMG65: 仕上げ | AMH65: 仕上げ | AMI65: 仕上げ | AMJ65: 仕上げ | AMK65: 箱組 | AMN65: 箱W | AMO65: 箱WF組 | AMP65: 箱WF組 | AMQ65: FW | AMR65: FW | AMV65: FW | AMW65: FWRW | AMX65: FWRW | AMY65: RW | AMZ65: RW | ANB65: RW | ANC65: RW | AND65: スタッド | ANE65: 歪取 | ANF65: 歪取 | ANI65: 歪取 | ANJ65: 地覆組W | ANK65: 地覆組W | ANL65: 地覆組W | ANM65: 地覆組W | ANP65: 櫛歪 | ANR65: 櫛歪 | ANS65: 櫛歪 | ANT65: 仕上げ | ANW65: 仕上げ | ANX65: 仕上げ | ANY65: ブラスト | ANZ65: 戻り | AOA65: 塗装 | AOD65: 塗装 | AOE65: 塗装 | AOF65: 塗装 | AOG65: 塗装 | AOH65: 塗装 | AOL65: SET？ | AOM65: ニタ乾？ | AON65: 圧縮 | AOO65: 仕上げ | AOP65: 仕上げ | AOR65: 仕上げ | AOS65: 仕上げ | AOT65: 仕上げ | AOU65: 仕上げ | AOV65: 仕上げ | AOZ65: 完成検査 | AQE65: 納期
A66: 過去平均 | B66: =G72 -> 1281.7732 | C66: 組立前 | D66: =SUM(I66:NZ66) -> 0 | E66: =SUM(D66/G66) -> 0 | G66: =G72*0.262 -> 335.82457 | H66: =SUM(I66:ATR66) -> 318.78431 | ALL66: 17.873924 | ALM66: 30.125223 | ALN66: 27.129326 | ALO66: 31.92276 | ALP66: 27.968177 | ALS66: 23.114825 | ALT66: 0 | ALU66: 28.088013 | ALV66: 26.949573 | ALW66: 19.699504 | AMC66: 16.943279 | AMD66: 16.284182 | AME66: 14.246973 | AMG66: 19.219274 | AMH66: 19.219274
A67: 製造予定 | C67: 組立 | D67: =SUM(I67:NZ67) -> 0 | E67: =SUM(D67/G67) -> 0 | G67: =G72*0.106 -> 135.86796 | H67: =SUM(I67:ATR67) -> 129.99207 | ALL67: 0 | ALM67: 0 | ALN67: 0 | ALO67: 0 | ALP67: 0 | ALS67: 10.407372 | ALT67: 0 | ALU67: 0 | ALV67: 0 | ALW67: 0 | AMC67: 0 | AMD67: 0 | AME67: 5.2036858 | AMG67: 10.407372 | AMH67: 10.407372 | AMI67: 10.407372 | AMJ67: 10.407372 | AMK67: 5.2036858 | AMN67: 0 | AMO67: 0 | AMP67: 10.407372 | AMQ67: 6.442063 | AMR67: 9.0689236 | AMV67: 6.5046073 | AMW67: 6.5046073 | AMX67: 0 | AMY67: 7.8055287 | AMZ67: 0 | ANB67: 0 | ANC67: 10.407372 | AND67: 10.407372
A68: 営業予定 | C68: 溶接 | D68: =SUM(I68:NZ68) -> 0 | E68: =SUM(D68/G68) -> 0 | G68: =G72*0.334 -> 428.11224 | H68: =SUM(I68:ATR68) -> 424.44561 | ALL68: 0 | ALM68: 0 | ALN68: 0 | ALO68: 0 | ALP68: 0 | ALS68: 0 | ALT68: 0 | ALU68: 0 | ALV68: 0 | ALW68: 0 | AMC68: 0 | AMD68: 0 | AME68: 0 | AMG68: 0 | AMH68: 16.445611 | AMI68: 24 | AMJ68: 24 | AMK68: 24 | AMN68: 24 | AMO68: 24 | AMP68: 24 | AMQ68: 24 | AMR68: 24 | AMV68: 24 | AMW68: 24 | AMX68: 24 | AMY68: 24 | AMZ68: 24 | ANB68: 24 | ANC68: 24 | AND68: 0 | ANE68: 0 | ANJ68: 16 | ANK68: 16 | ANL68: 8 | ANM68: 8 | ANO68: 0 | ANP68: 0 | ANR68: 0 | ANS68: 0 | ANZ68: 0 | AOA68: 0 | AOD68: 0 | AOE68: 0 | AOF68: 0 | AOG68: 0 | AOH68: 0 | AOL68: 0 | AOM68: 0 | AON68: 0 | AOO68: 0 | AOR68: 0 | AOS68: 0 | AOT68: 0
B69: 実数時間 | C69: 歪取り | D69: =SUM(I69:NZ69) -> 0 | E69: =SUM(D69/G69) -> 0 | G69: =G72*0.067 -> 85.878803 | H69: =SUM(I69:ATR69) -> 82.228054 | ALL69: 0 | ALM69: 0 | ALN69: 0 | ALO69: 0 | ALP69: 0 | ALS69: 0 | ALT69: 0 | ALU69: 0 | ALV69: 0 | ALW69: 0 | AMC69: 12.334208 | AMD69: 12.334208 | AME69: 0 | AMG69: 0 | AMH69: 0 | AMI69: 0 | AMJ69: 0 | AMK69: 0 | AMN69: 0 | AMO69: 0 | AMP69: 0 | AMQ69: 0 | AMR69: 0 | AMV69: 0 | AMW69: 0 | AMX69: 0 | AMY69: 0 | AMZ69: 12.334208 | ANB69: 12.334208 | ANC69: 12.334208 | AND69: 0 | ANE69: 0 | ANF69: 0 | ANI69: 0 | ANJ69: 8.2228054 | ANK69: 8.2228054 | ANL69: 4.1114027 | ANM69: 0 | ANO69: 0 | ANP69: 0 | ANR69: 0 | ANS69: 0 | ANZ69: 0 | AOA69: 0 | AOD69: 0 | AOE69: 0 | AOF69: 0 | AOG69: 0 | AOH69: 0 | AOL69: 0 | AOM69: 0 | AON69: 0 | AOO69: 0 | AOR69: 0 | AOS69: 0 | AOT69: 0
B70: =D72 -> 0 | C70: 塗装 | D70: =SUM(I70:NZ70) -> 0 | E70: =SUM(D70/G70) -> 0 | G70: =G72*0.056 -> 71.779298 | H70: =SUM(I70:ATR70) -> 68.727926 | ALL70: 0 | ALM70: 0 | ALN70: 0 | ALO70: 0 | ALP70: 0 | ALS70: 0 | ALT70: 0 | ALU70: 0 | ALV70: 0 | ALW70: 0 | AMC70: 0 | AMD70: 0 | AME70: 0 | AMG70: 0 | AMH70: 0 | AMI70: 0 | AMJ70: 0 | AMK70: 0 | AMN70: 0 | AMO70: 0 | AMP70: 0 | AMQ70: 0 | AMR70: 0 | AMV70: 0 | AMW70: 0 | AMX70: 0 | AMY70: 0 | AMZ70: 0 | ANB70: 0 | ANC70: 0 | AND70: 0 | ANE70: 0 | ANF70: 0 | ANI70: 0 | ANJ70: 0 | ANK70: 0 | ANL70: 0 | ANM70: 0 | ANO70: 0 | ANP70: 0 | ANR70: 0 | ANS70: 3.4363963 | ANZ70: 13.745585 | AOA70: 13.745585 | AOD70: 13.745585 | AOE70: 8.9346304 | AOF70: 8.2473511 | AOG70: 0 | AOH70: 0 | AOL70: 0 | AOM70: 0 | AON70: 0 | AOO70: 6.8727926 | AOR70: 0 | AOS70: 0 | AOT70: 0
A71: 目標比率 | B71: =SUM(B70/(B66*E73/100)) -> #DIV/0! | C71: 仕上げ | D71: =SUM(I71:NZ71) -> 0 | E71: =SUM(D71/G71) -> 0 | G71: =G72*0.175 -> 224.31031 | H71: =SUM(I71:ATR71) -> 231.54748 | ALL71: 0 | ALM71: 0 | ALN71: 0 | ALO71: 0 | ALP71: 0 | ALS71: 0 | ALT71: 0 | ALU71: 0 | ALV71: 0 | ALW71: 0 | AMC71: 0 | AMD71: 0 | AME71: 0 | AMG71: 0 | AMH71: 0 | AMI71: 0 | AMJ71: 0 | AMK71: 0 | AMN71: 0 | AMO71: 0 | AMP71: 0 | AMQ71: 0 | AMR71: 0 | AMV71: 0 | AMW71: 0 | AMX71: 0 | AMY71: 0 | AMZ71: 0 | ANB71: 0 | ANC71: 0 | AND71: 0 | ANE71: 0 | ANF71: 10.677374 | ANI71: 10.677374 | ANJ71: 10.677374 | ANK71: 10.677374 | ANL71: 10.677374 | ANM71: 10.677374 | ANO71: 0 | ANP71: 10.677374 | ANR71: 10.677374 | ANS71: 10.677374 | ANT71: 6 | ANW71: 6 | ANX71: 6 | ANZ71: 0 | AOA71: 0 | AOD71: 10.677374 | AOE71: 10.677374 | AOF71: 10.677374 | AOG71: 10.677374 | AOH71: 10.677374 | AOL71: 10.677374 | AOM71: 10.677374 | AON71: 0 | AOO71: 10.677374 | AOR71: 10.677374 | AOS71: 10.677374 | AOT71: 10.677374
A72: 目標比率 | B72: =SUM(B70/(B67*E73/100)) -> #DIV/0! | C72: 小計 | D72: =SUM(D66:D71) -> 0 | E72: 30.646 | G72: =((E72/F73*1000)*-0.0107+47.419)*E72 -> 1281.7732 | H72: =SUM(H66:H71) -> 1255.7255
A73: 目標比率 | B73: =SUM(B70/(B68*E73/100)) -> #DIV/0! | C73: =SUM(B70/(E72*E73/100)) -> #DIV/0! | D73: H | E73: 0 | F73: 58.62
B74: 面積 | C74: 85.41 | E74: 2.5 | F74: 3 | G74: 3.5 | H74: 4 | ALL74: =$C74*$E74/3 -> 71.175 | ALM74: =$C74*$E74/3 -> 71.175 | ALN74: =$C74*$E74/3 -> 71.175 | ALO74: =$C74*$E74/3 -> 71.175 | ALP74: =$C74*$E74/3 -> 71.175 | ALQ74: =$C74*$E74/3 -> 71.175 | ALR74: =$C74*$E74/3 -> 71.175 | ALS74: =$C74*$E74/3 -> 71.175 | ... AMH74: =$C74*$E74/3 -> 71.175 | AMI74: =$C74*$F74/3 -> 85.41 | AMJ74: =$C74*$F74/3 -> 85.41 | AMK74: =$C74*$F74/3 -> 85.41 | AML74: =$C74*$F74/3 -> 85.41 | AMM74: =$C74*$F74/3 -> 85.41 | AMN74: =$C74*$F74/3 -> 85.41 | AMO74: =$C74*$F74/3 -> 85.41 | AMP74: =$C74*$F74/3 -> 85.41 | ... ANC74: =$C74*$F74/3 -> 85.41 | AND74: =$C74*$G74/3 -> 99.645 | ANE74: =$C74*$G74/3 -> 99.645 | ANF74: =$C74*$G74/3 -> 99.645 | ANG74: =$C74*$G74/3 -> 99.645 | ANH74: =$C74*$G74/3 -> 99.645 | ANI74: =$C74*$G74/3 -> 99.645 | ANJ74: =$C74*$G74/3 -> 99.645 | ANK74: =$C74*$G74/3 -> 99.645 | ... ANY74: =$C74*$G74/3 -> 99.645 | ANZ74: =$C74*$H74/3 -> 113.88 | AOA74: =$C74*$H74/3 -> 113.88 | AOB74: =$C74*$H74/3 -> 113.88 | AOC74: =$C74*$H74/3 -> 113.88 | AOD74: =$C74*$H74/3 -> 113.88 | AOE74: =$C74*$H74/3 -> 113.88 | AOF74: =$C74*$H74/3 -> 113.88 | AOG74: =$C74*$H74/3 -> 113.88 | ... AOJ74: =$C74*$H74/3 -> 113.88 | AOK74: =$C74*$E74/3 -> 71.175 | AOL74: =$C74*$E74/3 -> 71.175 | AOM74: =$C74*$E74/3 -> 71.175 | AON74: =$C74*$E74/3 -> 71.175 | AOO74: =$C74*$E74/3 -> 71.175 | AOP74: =$C74*$E74/3 -> 71.175 | AOQ74: =$C74*$E74/3 -> 71.175 | AOR74: =$C74*$E74/3 -> 71.175 | ... APB74: =$C74*$E74/3 -> 71.175
B75: 258005 | C75: 馬淵川橋1工区 27/1/21 | E75: 17.392ｔ | F75: 佐藤鉄工 | UE75: 出図予定 | AMN75: 罫書 | AMO75: 罫書 | AMP75: 罫書切断 | AMQ75: 罫書切断 | AMR75: 罫書切断 | AMS75: 仕上板継 | AMU75: 仕上板継 | AMV75: UT検査 | AMW75: 小組 | AMX75: 小組W | AMY75: 小組W | AMZ75: 小組W削 | ANB75: 小W削 | ANC75: 小W削 | AND75: 小W歪 | ANE75: 小W歪 | ANF75: 小歪 | ANG75: 小歪 | ANP75: 大組 | ANQ75: 大組W | ANR75: 大組W | ANS75: 大組W | ANT75: 大組W | ANU75: 大組W | ANW75: 大組W | ANX75: 大組W | ANY75: 大組W | ANZ75: スタッド | AOA75: 大歪 | AOB75: 大歪 | AOD75: 仕上げ | AOE75: 仕上げ | AOF75: 仕上げ | AOG75: 仕上げ | AOH75: 仕上げ | AOK75: 仕上げ | AOL75: 仕上げ | AOM75: 仕上げ | AON75: 仕上げ | AOO75: ブラスト | AOR75: 戻り | AOS75: 塗装 | AOT75: 塗装 | AOV75: 塗装 | AOX75: シール | AOY75: 圧縮 | AOZ75: 仕上げ | APA75: 仕上げ | APC75: 仕上げ | APD75: 仕上げ | APE75: 完成検査 | AQR75: 納期
A76: 過去平均 | B76: =G82 -> 726.01685 | C76: 組立前 | D76: =SUM(I76:NZ76) -> 0 | E76: =SUM(D76/G76) -> 0 | G76: =G82*0.249 -> 180.7782 | H76: =SUM(I76:ATR76) -> 180.51549 | AMN76: 10.121327 | AMO76: 17.058773 | AMP76: 15.362311 | AMQ76: 18.076651 | AMR76: 15.83732 | AMS76: 13.089051 | AMT76: 0 | AMU76: 15.905179 | AMV76: 15.260523 | AMW76: 11.155083 | AMX76: 9.5943377 | AMY76: 9.221116 | AMZ76: 8.0675214 | ANA76: 0 | ANB76: 10.883147 | ANC76: 10.883147
A77: 製造予定 | C77: 組立 | D77: =SUM(I77:NZ77) -> 0 | E77: =SUM(D77/G77) -> 0 | G77: =G82*0.154 -> 111.80659 | H77: =SUM(I77:ATR77) -> 73.609592 | AMN77: 0 | AMO77: 0 | AMP77: 0 | AMQ77: 0 | AMR77: 0 | AMS77: 5.8933007 | AMT77: 0 | AMU77: 0 | AMV77: 0 | AMW77: 0 | AMX77: 0 | AMY77: 0 | AMZ77: 2.9466503 | ANA77: 0 | ANB77: 5.8933007 | ANC77: 5.8933007 | AND77: 5.8933007 | ANE77: 5.8933007 | ANF77: 2.9466503 | ANG77: 0 | ANH77: 0 | ANI77: 5.8933007 | ANQ77: 3.6478964 | ANR77: 5.1353882 | ANS77: 3.6833129 | ANT77: 3.6833129 | ANU77: 0 | ANV77: 0 | ANW77: 4.4199755 | ANX77: 0 | ANY77: 0 | ANZ77: 0 | AOA77: 5.8933007 | AOB77: 5.8933007
A78: 営業予定 | C78: 溶接 | D78: =SUM(I78:NZ78) -> 0 | E78: =SUM(D78/G78) -> 0 | G78: =G82*0.294 -> 213.44895 | H78: =SUM(I78:ATR78) -> 232.81317 | AMN78: 0 | AMO78: 0 | AMP78: 0 | AMQ78: 0 | AMR78: 0 | AMS78: 0 | AMT78: 0 | AMU78: 0 | AMV78: 0 | AMW78: 0 | AMX78: 0 | AMY78: 0 | AMZ78: 0 | ANA78: 0 | ANB78: 0 | ANQ78: 9.312527 | ANR78: 20.953186 | ANS78: 20.953186 | ANT78: 20.953186 | ANU78: 20.953186 | ANV78: 0 | ANX78: 16.296922 | ANY78: 20.953186 | ANZ78: 20.953186 | AOA78: 18.625054 | AOB78: 16.296922 | AOC78: 16.296922 | AOJ78: 18.625054 | AOK78: 11.640659 | AOR78: 0 | AOS78: 0 | AOT78: 0 | AOU78: 0 | AOV78: 0 | AOW78: 0 | AOX78: 0 | AOY78: 0 | AOZ78: 0 | APA78: 0 | APB78: 0 | APC78: 0 | APD78: 0 | APE78: 0 | APF78: 0 | APG78: 0
B79: 実数時間 | C79: 歪取り | D79: =SUM(I79:NZ79) -> 0 | E79: =SUM(D79/G79) -> 0 | G79: =G82*0.064 -> 46.465078 | H79: =SUM(I79:ATR79) -> 46.562635 | AMN79: 0 | AMO79: 0 | AMP79: 0 | AMQ79: 0 | AMR79: 0 | AMS79: 0 | AMT79: 0 | AMU79: 0 | AMV79: 0 | AMW79: 0 | AMX79: 6.9843952 | AMY79: 6.9843952 | AMZ79: 0 | ANA79: 0 | ANB79: 0 | ANC79: 0 | AND79: 0 | ANE79: 0 | ANF79: 0 | ANG79: 0 | ANH79: 0 | ANI79: 0 | ANQ79: 0 | AOB79: 0 | AOC79: 0 | AOD79: 0 | AOE79: 0 | AOF79: 6.9843952 | AOG79: 6.9843952 | AOH79: 6.9843952 | AOI79: 0 | AOJ79: 0 | AOK79: 0 | AOL79: 0 | AOM79: 4.6562635 | AON79: 4.6562635 | AOO79: 2.3281317 | AOR79: 0 | AOS79: 0 | AOT79: 0 | AOU79: 0 | AOV79: 0 | AOW79: 0 | AOX79: 0 | AOY79: 0 | AOZ79: 0 | APA79: 0 | APB79: 0 | APC79: 0 | APD79: 0 | APE79: 0 | APF79: 0 | APG79: 0
B80: =D82 -> 0 | C80: 塗装 | D80: =SUM(I80:NZ80) -> 0 | E80: =SUM(D80/G80) -> 0 | G80: =G82*0.056 -> 40.656944 | H80: =SUM(I80:ATR80) -> 38.918023 | AMN80: 0 | AMO80: 0 | AMP80: 0 | AMQ80: 0 | AMR80: 0 | AMS80: 0 | AMT80: 0 | AMU80: 0 | AMV80: 0 | AMW80: 0 | AMX80: 0 | AMY80: 0 | AMZ80: 0 | ANA80: 0 | ANB80: 0 | ANC80: 0 | AND80: 0 | ANE80: 0 | ANF80: 0 | ANG80: 0 | ANH80: 0 | ANI80: 0 | ANQ80: 0 | ANR80: 0 | ANS80: 0 | ANT80: 0 | ANU80: 0 | ANV80: 0 | ANW80: 0 | ANX80: 0 | ANY80: 0 | ANZ80: 0 | AOA80: 0 | AOB80: 0 | AOC80: 0 | AOD80: 0 | AOE80: 0 | AOR80: 1.9459012 | AOS80: 7.7836046 | AOT80: 7.7836046 | AOU80: 7.7836046 | AOV80: 0 | AOW80: 5.059343 | AOX80: 4.6701628 | AOY80: 0 | AOZ80: 0 | APA80: 0 | APB80: 0 | APC80: 0 | APD80: 3.8918023 | APE80: 0 | APF80: 0 | APG80: 0
A81: 目標比率 | B81: =SUM(B80/(B76*E83/100)) -> #DIV/0! | C81: 仕上げ | D81: =SUM(I81:NZ81) -> 0 | E81: =SUM(D81/G81) -> 0 | G81: =G82*0.18 -> 130.68303 | H81: =SUM(I81:ATR81) -> 120.92386 | AMN81: 0 | AMO81: 0 | AMP81: 0 | AMQ81: 0 | AMR81: 0 | AMS81: 0 | AMT81: 0 | AMU81: 0 | AMV81: 0 | AMW81: 0 | AMX81: 0 | AMY81: 0 | AMZ81: 0 | ANA81: 0 | ANB81: 0 | ANC81: 0 | AND81: 0 | ANE81: 0 | ANF81: 0 | ANG81: 0 | ANH81: 0 | ANI81: 0 | ANQ81: 0 | ANR81: 0 | ANS81: 0 | ANT81: 0 | ANU81: 0 | ANV81: 0 | AOF81: 6.0461929 | AOG81: 6.0461929 | AOH81: 6.0461929 | AOI81: 6.0461929 | AOJ81: 6.0461929 | AOK81: 6.0461929 | AOL81: 0 | AOM81: 6.0461929 | AON81: 6.0461929 | AOR81: 6.0461929 | AOS81: 0 | AOT81: 0 | AOU81: 6.0461929 | AOV81: 0 | AOW81: 6.0461929 | AOX81: 6.0461929 | AOY81: 6.0461929 | AOZ81: 6.0461929 | APA81: 6.0461929 | APB81: 6.0461929 | APC81: 0 | APD81: 6.0461929 | APE81: 6.0461929 | APF81: 6.0461929 | APG81: 6.0461929
A82: 目標比率 | B82: =SUM(B80/(B77*E83/100)) -> #DIV/0! | C82: 小計 | D82: =SUM(D76:D81) -> 0 | E82: 17.39 | G82: =((E82/F83*1000)*-0.0753+85.398)*E82 -> 726.01685 | H82: =SUM(H76:H81) -> 693.34277
A83: 目標比率 | B83: =SUM(B80/(B78*E83/100)) -> #DIV/0! | C83: =SUM(B80/(E82*E83/100)) -> #DIV/0! | D83: H | E83: 0 | F83: 30
B84: 面積 | C84: 30 | E84: 2.5 | F84: 3 | G84: 3.5 | H84: 4 | AMN84: =$C84*$E84 -> 75 | AMO84: =$C84*$E84 -> 75 | AMP84: =$C84*$E84 -> 75 | AMQ84: =$C84*$E84 -> 75 | AMR84: =$C84*$E84 -> 75 | AMS84: =$C84*$E84 -> 75 | AMT84: =$C84*$E84 -> 75 | AMU84: =$C84*$E84 -> 75 | ... ANP84: =$C84*$E84 -> 75 | ANQ84: =$C84*$F84 -> 90 | ANR84: =$C84*$F84 -> 90 | ANS84: =$C84*$F84 -> 90 | ANT84: =$C84*$F84 -> 90 | ANU84: =$C84*$F84 -> 90 | ANV84: =$C84*$F84 -> 90 | ANW84: =$C84*$F84 -> 90 | ANX84: =$C84*$F84 -> 90 | ... AOG84: =$C84*$F84 -> 90 | AOH84: =$C84*$G84 -> 105 | AOI84: =$C84*$G84 -> 105 | AOJ84: =$C84*$G84 -> 105 | AOK84: =$C84*$G84 -> 105 | AOL84: =$C84*$G84 -> 105 | AOM84: =$C84*$G84 -> 105 | AON84: =$C84*$G84 -> 105 | AOO84: =$C84*$G84 -> 105 | ... AOQ84: =$C84*$G84 -> 105 | AOR84: =$C84*$H84 -> 120 | AOS84: =$C84*$H84 -> 120 | AOT84: =$C84*$H84 -> 120 | AOU84: =$C84*$H84 -> 120 | AOV84: =$C84*$H84 -> 120 | AOW84: =$C84*$H84 -> 120 | AOX84: =$C84*$E84 -> 75 | AOY84: =$C84*$E84 -> 75 | AOZ84: =$C84*$E84 -> 75 | APA84: =$C84*$E84 -> 75 | APB84: =$C84*$E84 -> 75 | APC84: =$C84*$E84 -> 75 | APD84: =$C84*$E84 -> 75 | APE84: =$C84*$E84 -> 75 | ... AQP84: =$C84*$E84 -> 75
B85: 249011 | C85: 永井谷JCT高架橋他３橋 27/1/25 | D85: 出図待ち | E85: 30ｔ | F85: JFE | AMN85: 罫書 | AMO85: 罫書切断 | AMP85: 罫書切断 | AMQ85: 罫書桁孔 | AMR85: 開先仕上 | AMV85: 削り仕上 | AMW85: 継W | AMX85: 継W溝出 | AMY85: UT検？ | AMZ85: ２R | ANB85: 逆歪削り | ANC85: 逆歪削り | AND85: 仕上げ | ANE85: 仕上げ | ANF85: 仕上げ | ANI85: 仕上げ | ANJ85: 箱組 | ANK85: 箱W | ANL85: 箱WF組 | ANM85: FW | ANP85: FW | ANR85: FWRW | ANS85: FWRW | ANT85: RW | ANW85: RW | ANX85: RW | ANY85: RW | ANZ85: スタッド | AOA85: 歪取 | AOD85: 歪取 | AOE85: 歪取 | AOF85: 地覆組W | AOG85: 地覆組W | AOH85: 地覆組W | AOL85: 地覆組W | AOM85: 櫛歪 | AON85: 櫛歪 | AOO85: 櫛歪 | AOP85: 仕上げ | AOR85: 仕上げ | AOS85: 仕上げ | AOT85: 仕上げ | AOU85: 仕上げ | AOV85: 仕上げ | AOW85: 仕上げ | AOY85: 仕上げ | AOZ85: 仕上げ | APA85: 塗前検査 | APB85: ブラスト | APC85: ブラスト | APF85: ブラスト | APG85: ブラスト | APH85: 戻り | API85: 塗装 | APJ85: 塗装 | APM85: 塗装 | APN85: 塗装 | APO85: 塗装 | APP85: 塗装 | APQ85: SET？ | APR85: ニタ乾？ | APT85: 圧縮 | APU85: 仕上げ | AQB85: 仕上げ | AQC85: 仕上げ | AQD85: 仕上げ | AQE85: 仕上げ | AQI85: 仕上げ | AQJ85: 仕上げ | AQK85: 仕上げ | AQL85: 完成検査 | AQV85: 納期
A86: 過去平均 | B86: =G92 -> 1147.4271 | C86: 組立前 | D86: =SUM(I86:NZ86) -> 0 | E86: =SUM(D86/G86) -> 0 | G86: =G92*0.262 -> 300.62591 | H86: =SUM(I86:ATR86) -> 280 | AMN86: 16 | AMO86: 16 | AMP86: 16 | AMQ86: 16 | AMR86: 16 | AMV86: 16 | AMW86: 16 | AMX86: 16 | AMY86: 16 | AMZ86: 16 | ANB86: 16 | ANC86: 16 | AND86: 16 | ANE86: 16 | ANF86: 16 | ANI86: 8 | ANJ86: 8 | ANK86: 8 | ANL86: 8 | ANM86: 8
A87: 製造予定 | C87: 組立 | D87: =SUM(I87:NZ87) -> 0 | E87: =SUM(D87/G87) -> 0 | G87: =G92*0.106 -> 121.62728 | H87: =SUM(I87:ATR87) -> 122.42026 | AMN87: 0 | AMO87: 0 | AMP87: 0 | AMQ87: 0 | AMR87: 0 | AMV87: 9.8011598 | AMW87: 0 | AMX87: 0 | AMY87: 0 | AMZ87: 0 | ANB87: 0 | ANC87: 4.9005799 | ANF87: 9.8011598 | ANI87: 9.8011598 | ANJ87: 9.8011598 | ANK87: 9.8011598 | ANL87: 4.9005799 | ANM87: 9.8011598 | ANP87: 6.0668237 | ANR87: 8.5406741 | ANS87: 6.1257249 | ANT87: 6.1257249 | ANW87: 7.3508698 | ANX87: 0 | ANY87: 0 | ANZ87: 0 | AOA87: 9.8011598 | AOD87: 9.8011598
A88: 営業予定 | C88: 溶接 | D88: =SUM(I88:NZ88) -> 0 | E88: =SUM(D88/G88) -> 0 | G88: =G92*0.334 -> 383.24067 | H88: =SUM(I88:ATR88) -> 336 | AMN88: 0 | AMO88: 0 | AMP88: 0 | AMQ88: 0 | AMR88: 0 | AMV88: 0 | AMW88: 0 | AMX88: 0 | AMY88: 0 | AMZ88: 0 | ANA88: 0 | ANB88: 0 | ANC88: 0 | AND88: 16 | ANJ88: 24 | ANK88: 24 | ANL88: 24 | ANM88: 24 | ANP88: 24 | ANR88: 24 | ANS88: 24 | ANT88: 24 | ANW88: 24 | ANX88: 24 | ANY88: 24 | ANZ88: 0 | AOA88: 0 | AOD88: 0 | AOE88: 0 | AOF88: 16 | AOG88: 16 | AOH88: 16 | AOL88: 8 | AOM88: 0 | AOZ88: 0 | APH88: 0 | API88: 0 | APJ88: 0 | APK88: 0 | APL88: 0 | APM88: 0 | APN88: 0 | APO88: 0 | APP88: 0 | APQ88: 0 | APR88: 0 | APS88: 0 | APT88: 0 | APU88: 0 | AQL88: 0
B89: 実数時間 | C89: 歪取り | D89: =SUM(I89:NZ89) -> 0 | E89: =SUM(D89/G89) -> 0 | G89: =G92*0.067 -> 76.877619 | H89: =SUM(I89:ATR89) -> 77.438409 | AMN89: 0 | AMO89: 0 | AMP89: 0 | AMQ89: 0 | AMR89: 0 | AMV89: 0 | AMW89: 0 | AMX89: 0 | AMY89: 0 | ANA89: 0 | ANB89: 11.615761 | ANC89: 11.615761 | AND89: 0 | ANJ89: 0 | ANK89: 0 | ANL89: 0 | ANM89: 0 | ANP89: 0 | ANR89: 0 | ANS89: 0 | ANT89: 0 | ANW89: 0 | ANX89: 0 | AOA89: 11.615761 | AOD89: 11.615761 | AOE89: 11.615761 | AOF89: 0 | AOG89: 0 | AOH89: 7.7438409 | AOL89: 7.7438409 | AOM89: 3.8719204 | AOZ89: 0 | APH89: 0 | API89: 0 | APJ89: 0 | APK89: 0 | APL89: 0 | APM89: 0 | APN89: 0 | APO89: 0 | APP89: 0 | APQ89: 0 | APR89: 0 | APS89: 0 | APT89: 0 | APU89: 0 | AQL89: 0
B90: =D92 -> 0 | C90: 塗装 | D90: =SUM(I90:NZ90) -> 0 | E90: =SUM(D90/G90) -> 0 | G90: =G92*0.056 -> 64.25592 | H90: =SUM(I90:ATR90) -> 64.72464 | AMN90: 0 | AMO90: 0 | AMP90: 0 | AMQ90: 0 | AMR90: 0 | AMV90: 0 | AMW90: 0 | AMX90: 0 | AMY90: 0 | AMZ90: 0 | ANA90: 0 | ANB90: 0 | ANC90: 0 | AND90: 0 | ANJ90: 0 | ANK90: 0 | ANL90: 0 | ANM90: 0 | ANP90: 0 | ANR90: 0 | ANS90: 0 | ANT90: 0 | ANW90: 0 | ANX90: 0 | ANY90: 0 | ANZ90: 0 | AOA90: 0 | AOD90: 0 | AOE90: 0 | AOF90: 0 | AOG90: 0 | AOH90: 0 | AOL90: 0 | AOM90: 0 | AOZ90: 0 | APH90: 3.236232 | API90: 12.944928 | APJ90: 12.944928 | APK90: 12.944928 | APL90: 0 | APM90: 8.4142032 | APN90: 7.7669568 | APO90: 0 | APP90: 0 | APQ90: 0 | APR90: 0 | APS90: 0 | APT90: 6.472464 | APU90: 0 | AQL90: 0
A91: 目標比率 | B91: =SUM(B90/(B86*E93/100)) -> #DIV/0! | C91: 仕上げ | D91: =SUM(I91:NZ91) -> 0 | E91: =SUM(D91/G91) -> 0 | G91: =G92*0.175 -> 200.79975 | H91: =SUM(I91:ATR91) -> 236.55435 | AMN91: 0 | AMO91: 0 | AMP91: 0 | AMQ91: 0 | AMR91: 0 | AMV91: 0 | AMW91: 0 | AMX91: 0 | AMY91: 0 | AMZ91: 0 | ANA91: 0 | ANB91: 0 | ANC91: 0 | AND91: 0 | ANE91: 0 | ANF91: 0 | ANG91: 0 | ANI91: 0 | ANJ91: 0 | ANK91: 0 | ANL91: 0 | ANM91: 0 | ANP91: 0 | ANR91: 0 | ANS91: 0 | ANT91: 0 | ANW91: 0 | ANX91: 0 | ANY91: 0 | ANZ91: 0 | AOA91: 0 | AOD91: 0 | AOE91: 0 | AOF91: 0 | AOG91: 6 | AOH91: 6 | AOL91: 6 | AOM91: 6 | AON91: 6 | AOO91: 6 | AOP91: 6 | AOR91: 6 | AOS91: 6 | AOT91: 6 | AOU91: 6 | AOV91: 6 | AOW91: 6 | AOY91: 6 | AOZ91: 6 | APH91: 10.055435 | API91: 0 | APJ91: 0 | APK91: 10.055435 | APL91: 0 | APM91: 10.055435 | APN91: 10.055435 | APO91: 10.055435 | APP91: 10.055435 | APQ91: 10.055435 | APR91: 10.055435 | APS91: 0 | APT91: 10.055435 | APU91: 10.055435 | AQB91: 6 | AQC91: 6 | AQD91: 6 | AQE91: 6 | AQI91: 6 | AQJ91: 6 | AQK91: 6 | AQL91: 4
A92: 目標比率 | B92: =SUM(B90/(B87*E93/100)) -> #DIV/0! | C92: 小計 | D92: =SUM(D86:D91) -> 0 | E92: 30 | G92: =((E92/F93*1000)*-0.0107+47.419)*E92 -> 1147.4271 | H92: =SUM(H86:H91) -> 1117.1377
A93: 目標比率 | B93: =SUM(B90/(B88*E93/100)) -> #DIV/0! | C93: =SUM(B90/(E92*E93/100)) -> #DIV/0! | D93: H | E93: 0 | F93: 35
B94: 面積 | C94: 50 | E94: 2.5 | F94: 3 | G94: 3.5 | H94: 4 | AMN94: =$C94*$E94 -> 125 | AMO94: =$C94*$E94 -> 125 | AMP94: =$C94*$E94 -> 125 | AMQ94: =$C94*$E94 -> 125 | AMR94: =$C94*$E94 -> 125 | AMS94: =$C94*$E94 -> 125 | AMT94: =$C94*$E94 -> 125 | AMU94: =$C94*$E94 -> 125 | ... ANI94: =$C94*$E94 -> 125 | ANJ94: =$C94*$F94 -> 150 | ANK94: =$C94*$F94 -> 150 | ANL94: =$C94*$F94 -> 150 | ANM94: =$C94*$F94 -> 150 | ANN94: =$C94*$F94 -> 150 | ANO94: =$C94*$F94 -> 150 | ANP94: =$C94*$F94 -> 150 | ANQ94: =$C94*$F94 -> 150 | ... ANZ94: =$C94*$F94 -> 150 | AOA94: =$C94*$G94 -> 175 | AOB94: =$C94*$G94 -> 175 | AOC94: =$C94*$G94 -> 175 | AOD94: =$C94*$G94 -> 175 | AOE94: =$C94*$G94 -> 175 | AOF94: =$C94*$G94 -> 175 | AOG94: =$C94*$G94 -> 175 | AOH94: =$C94*$G94 -> 175 | ... APA94: =$C94*$G94 -> 175 | APH94: =$C94*$H94 -> 200 | API94: =$C94*$H94 -> 200 | APJ94: =$C94*$H94 -> 200 | APK94: =$C94*$H94 -> 200 | APL94: =$C94*$H94 -> 200 | APM94: =$C94*$H94 -> 200 | APN94: =$C94*$H94 -> 200 | APO94: =$C94*$H94 -> 200 | APP94: =$C94*$H94 -> 200 | APQ94: =$C94*$E94 -> 125 | APR94: =$C94*$E94 -> 125 | APS94: =$C94*$E94 -> 125 | APT94: =$C94*$E94 -> 125 | APU94: =$C94*$E94 -> 125 | APV94: =$C94*$E94 -> 125 | APW94: =$C94*$E94 -> 125 | APX94: =$C94*$E94 -> 125 | ... AQL94: =$C94*$E94 -> 125
B95: 263010 | C95: 熊野宮川橋Aﾗﾝﾌﾟ橋 27/2/1 | D95: 出図待ち | E95: 6ｔ | F95: JFE | UE95: 出図予定 | ANW95: 罫書 | ANX95: 罫書切断 | ANY95: 罫書切断 | ANZ95: 罫書桁孔 | AOA95: 開先仕上 | AOB95: 削り仕上 | AOD95: 継W | AOE95: 継W溝出 | AOF95: UT検？ | AOG95: ２R | AOH95: 逆歪削り | AOI95: 逆歪削り | AOK95: 仕上げ | AOL95: 仕上げ | AOM95: 箱組 | AON95: 箱W | AOO95: 箱WF組 | AOP95: 箱WF組 | AOR95: FW | AOS95: FW | AOT95: FWRW | AOU95: FWRW | AOV95: RW | AOW95: RW | AOY95: スタッド | AOZ95: 歪取 | APA95: 歪取 | APB95: 歪取 | APC95: 地覆組W | APD95: 地覆組W | APF95: 地覆組W | APG95: 地覆組W | APH95: 櫛歪 | API95: 櫛歪 | APJ95: 櫛歪 | APK95: 仕上げ | APM95: 仕上げ | APN95: ブラスト | APO95: 戻り | APP95: 塗装 | APQ95: 塗装 | APR95: 塗装 | APT95: 塗装 | APU95: 塗装 | AQB95: SET？ | AQC95: ニタ乾？ | AQD95: 圧縮 | AQE95: 仕上げ | AQG95: 仕上げ | AQH95: 仕上げ | AQI95: 仕上げ | AQJ95: 完成検査 | ARC95: 納期
A96: 過去平均 | B96: =G102 -> 254.088 | C96: 組立前 | D96: =SUM(I96:NZ96) -> 0 | E96: =SUM(D96/G96) -> 0 | G96: =G102*0.261 -> 66.316968 | H96: =SUM(I96:ATR96) -> 65.998776 | ANW96: 3.7004868 | ANX96: 6.2369062 | ANY96: 5.6166577 | ANZ96: 6.6090552 | AOA96: 5.7903272 | AOB96: 4.7855247 | AOC96: 0 | AOD96: 5.8151372 | AOE96: 5.5794428 | AOF96: 4.0784414 | AOG96: 3.5078128 | AOH96: 3.3713582 | AOI96: 2.9495892 | AOJ96: 0 | AOK96: 3.9790181 | AOL96: 3.9790181
A97: 製造予定 | C97: 組立 | D97: =SUM(I97:NZ97) -> 0 | E97: =SUM(D97/G97) -> 0 | G97: =G102*0.106 -> 26.933328 | H97: =SUM(I97:ATR97) -> 26.91261 | ANW97: 0 | ANX97: 0 | ANY97: 0 | ANZ97: 0 | AOA97: 0 | AOB97: 2.1546662 | AOC97: 0 | AOD97: 0 | AOE97: 0 | AOF97: 0 | AOG97: 0 | AOH97: 0 | AOI97: 1.0773331 | AOJ97: 0 | AOK97: 2.1546662 | AOL97: 2.1546662 | AOM97: 2.1546662 | AON97: 2.1546662 | AOO97: 1.0773331 | AOP97: 0 | AOQ97: 0 | AOR97: 2.1546662 | AOS97: 1.3337177 | AOT97: 1.8775637 | AOU97: 1.3466664 | AOV97: 1.3466664 | AOW97: 0 | AOX97: 0 | AOY97: 1.6159997 | AOZ97: 0 | APA97: 0 | APB97: 0 | APC97: 2.1546662 | APD97: 2.1546662
A98: 営業予定 | C98: 溶接 | D98: =SUM(I98:NZ98) -> 0 | E98: =SUM(D98/G98) -> 0 | G98: =G102*0.332 -> 84.357216 | H98: =SUM(I98:ATR98) -> 85.11948 | ANW98: 0 | ANX98: 0 | ANY98: 0 | ANZ98: 0 | AOA98: 0 | AOB98: 0 | AOC98: 0 | AOD98: 0 | AOE98: 0 | AOF98: 0 | AOG98: 0 | AOH98: 0 | AOI98: 0 | AOJ98: 0 | AOK98: 0 | AOL98: 3.4047792 | AOM98: 7.6607532 | AON98: 7.6607532 | AOO98: 7.6607532 | AOP98: 7.6607532 | AOQ98: 0 | AOR98: 5.9583636 | AOS98: 7.6607532 | AOT98: 7.6607532 | AOU98: 6.8095584 | AOV98: 5.9583636 | AOW98: 5.9583636 | AOX98: 0 | AOY98: 0 | AOZ98: 0 | APA98: 0 | APB98: 0 | APC98: 0 | APD98: 0 | APE98: 0 | APF98: 6.8095584 | APG98: 4.255974 | APH98: 0 | API98: 0 | APJ98: 0 | APK98: 0 | APL98: 0 | APM98: 0 | APN98: 0 | APO98: 0 | APP98: 0 | APQ98: 0 | APR98: 0 | APS98: 0 | APT98: 0 | APU98: 0 | AQB98: 0 | AQC98: 0 | AQD98: 0 | AQE98: 0 | AQF98: 0 | AQG98: 0 | AQH98: 0 | AQI98: 0 | AQJ98: 0
B99: 実数時間 | C99: 歪取り | D99: =SUM(I99:NZ99) -> 0 | E99: =SUM(D99/G99) -> 0 | G99: =G102*0.068 -> 17.277984 | H99: =SUM(I99:ATR99) -> 17.023896 | ANW99: 0 | ANX99: 0 | ANY99: 0 | ANZ99: 0 | AOA99: 0 | AOB99: 0 | AOC99: 0 | AOD99: 0 | AOE99: 0 | AOF99: 0 | AOG99: 2.5535844 | AOH99: 2.5535844 | AOI99: 0 | AOJ99: 0 | AOK99: 0 | AOL99: 0 | AOM99: 0 | AON99: 0 | AOO99: 0 | AOP99: 0 | AOQ99: 0 | AOR99: 0 | AOS99: 0 | AOT99: 0 | AOU99: 0 | AOV99: 0 | AOW99: 0 | AOX99: 0 | AOY99: 0 | AOZ99: 0 | APA99: 2.5535844 | APB99: 2.5535844 | APC99: 2.5535844 | APD99: 0 | APE99: 0 | APF99: 0 | APG99: 0 | APH99: 1.7023896 | API99: 1.7023896 | APJ99: 0.8511948 | APK99: 0 | APL99: 0 | APM99: 0 | APN99: 0 | APO99: 0 | APP99: 0 | APQ99: 0 | APR99: 0 | APS99: 0 | APT99: 0 | APU99: 0 | AQB99: 0 | AQC99: 0 | AQD99: 0 | AQE99: 0 | AQF99: 0 | AQG99: 0 | AQH99: 0 | AQI99: 0 | AQJ99: 0
B100: =D102 -> 0 | C100: 塗装 | D100: =SUM(I100:NZ100) -> 0 | E100: =SUM(D100/G100) -> 0 | G100: =G102*0.059 -> 14.991192 | H100: =SUM(I100:ATR100) -> 14.228928 | ANW100: 0 | ANX100: 0 | ANY100: 0 | ANZ100: 0 | AOA100: 0 | AOB100: 0 | AOC100: 0 | AOD100: 0 | AOE100: 0 | AOF100: 0 | AOG100: 0 | AOH100: 0 | AOI100: 0 | AOJ100: 0 | AOK100: 0 | AOL100: 0 | AOM100: 0 | AON100: 0 | AOO100: 0 | AOP100: 0 | AOQ100: 0 | AOR100: 0 | AOS100: 0 | AOT100: 0 | AOU100: 0 | AOV100: 0 | AOW100: 0 | AOX100: 0 | AOY100: 0 | AOZ100: 0 | APA100: 0 | APB100: 0 | APC100: 0 | APD100: 0 | APE100: 0 | APF100: 0 | APG100: 0 | APH100: 0 | API100: 0 | APJ100: 0 | APK100: 0 | APL100: 0 | APM100: 0 | APN100: 0 | APO100: 0.7114464 | APP100: 2.8457856 | APQ100: 2.8457856 | APR100: 2.8457856 | APS100: 0 | APT100: 1.8497606 | APU100: 1.7074714 | AQB100: 0 | AQC100: 0 | AQD100: 0 | AQE100: 0 | AQF100: 0 | AQG100: 1.4228928 | AQH100: 0 | AQI100: 0 | AQJ100: 0
...

Sheet 中野班
H1: 確 | J1: 忘 | AX1: 現 | BO1: 伊 | DG1: 石 | KL1: 石 | KN1: 休 | LN1: 伊 | LS1: 石 | LZ1: 石 | NC1: 忘 | NH1: ク | OG1: 水 | OM1: 新規 液化酸素～ | PF1: ～工事 | QC1: 部 | QU1: 石 | TW1: 伊 | WK1: 石 | YB1: ク | ZK1: 鋸 | AAR1: 田 | AAW1: 忘 | ABO1: ク | ABW1: 令 | ABX1: 和 | ABY1: 8 | ABZ1: 年 | AEJ1: 田休 | AFJ1: 田 | AGM1: 部 | AHP1: 停 | AIV1: ク | AJF1: 田邉休み
H2: 認 | I2: 米 | J2: 年 | T2: 2 | U2: 0 | V2: 2 | W2: 4 | Y2: 部 | AM2: 米 | AX2: ク | BA2: 石 | BG2: 部 | BN2: 田 | BS2: ク | BZ2: 田 | CC2: 部 | CF2: 米 | CM2: 田 | CN2: 米 | CT2: 田 | DB2: ク | DG2: 現 | DK2: 部 | DW2: 田 | EU2: 部 | FI2: B | FV2: 部 | GA2: 田 | GK2: 石 | GQ2: 米 | GX2: 石 | GY2: 部 | HQ2: ク | IA2: 部 | IH2: 石 | IZ2: ク | JI2: 部 | JU2: ク | KB2: 健 | KC2: 康 | KE2: 米 | KL2: 部 | KP2: 田 | KV2: 石 | KW2: ク | LN2: 部 | LQ2: 石 | LS2: 田 | LZ2: 伊 | MF2: ク | MV2: 部 | NB2: 米 | NC2: 年 | NH2: 田 | NK2: 米 | NV2: 2 | NW2: 0 | NX2: 2 | NY2: 5 | OG2: 素 | OM2: 米 | PF2: 部 | PM2: 米 | PQ2: 石 | PS2: ク | QA2: 田 | QC2: 会 | QG2: 田 | QS2: 石 | QU2: ク | QW2: 米 | RE2: 米 | RK2: 部 | RP2: 田 | SH2: 溶 | SM2: 部 | TM2: ク | TW2: 部 | UH2: 田 | UO2: ク | UP2: 田 | UV2: 米 | UY2: 部 | WA2: 部 | WE2: 田 | WH2: 米 | WK2: 田 | YB2: 健康 | YN2: 石 | YV2: 石 | YW2: 田 | ZE2: 米 | ZK2: 盤 | ZT2: 部 | AAM2: ク | AAP2: 米 | AAR2: 休 | AAS2: 石 | AAU2: 部 | AAV2: 米 | AAW2: 石 | ABA2: 田 | ABH2: 石 | ABO2: 田 | ABR2: 米 | ABT2: 石 | ABW2: 2 | ABX2: 0 | ABY2: 2 | ABZ2: 6 | ACB2: 石 | ACC2: 製 | ACF2: 部 | ACK2: 石 | ACV2: 石 | ACX2: ク | ADH2: 部 | AEF2: 米 | AEJ2: 部 | AEM2: 米 | AES2: 石 | AEV2: 田 | AEX2: 石 | AFJ2: 部 | AFK2: 田 | AFV2: 田 | AGG2: 米 | AGM2: 会 | AHB2: 米 | AHG2: 田 | AHP2: 電 | AHT2: 製 | AHU2: 石 | AHV2: 部 | AIA2: 石 | AIV2: 会 | AIX2: 部 | AJQ2: 田 | AKG2: 部 | AKJ2: 石 | AKY2: 田 | AKZ2: 田 | ALI2: 部 | ANY2: 田 | APX2: 2 | APY2: 0 | APZ2: 2 | AQA2: 7 | ARE2: 田
H3: 用 | I3: 休 | J3: 会 | T3: 1 | Y3: 会 | AM3: 休 | AX3: 会 | AY3: 2 | BA3: 休 | BG3: 会 | BN3: 休 | BS3: 会 | BZ3: 研 | CB3: 3 | CC3: 会 | CF3: 休 | CM3: 休 | CN3: 半 | CT3: 半 | DB3: 会 | DG3: 4 | DK3: 会 | DR3: 石 | DS3: 丸 | DT3: 休 | DU3: み | DV3: ✈ | DW3: 研 | ED3: 会 | EK3: 5 | EU3: 会 | FF3: 会 | FI3: Q | FP3: 6 | FV3: 会 | GA3: 研 | GK3: 休 | GQ3: 半 | GT3: 7 | GX3: 伊 | GY3: 会 | HQ3: 会 | HY3: 8 | IA3: 会 | IH3: 休 | IZ3: 会 | JD3: 9 | JI3: 会 | JU3: 会 | KB3: 診 | KC3: 断 | KE3: 休 | KH3: 10 | KL3: 会 | KP3: 研 | KV3: 休 | KW3: 会 | LM3: 11 | LN3: 会 | LQ3: 半 | LS3: 現 | LZ3: 賀 | MF3: 会 | MQ3: 12 | MV3: 会 | NB3: 現 | NC3: 会 | NH3: 研 | NK3: 休 | NV3: 1 | OG3: 移 | OM3: 休 | PA3: 2 | PF3: 会 | PM3: 半 | PQ3: 伊 | PS3: 会 | QA3: 休 | QC3: 3 | QG3: 研 | QS3: 休 | QU3: 会 | QW3: 半 | RE3: 半 | RH3: 4 | RK3: 会 | RP3: 研 | SH3: 試 | SL3: 5 | SM3: 会 | TM3: 会 | TQ3: 6 | TW3: 会 | UH3: 研 | UO3: 会 | UP3: 休 | UU3: 7 | UV3: 現 | UY3: 会 | VZ3: 8 | WA3: 会 | WE3: 研 | WH3: 休 | WK3: 休 | XE3: 9 | YB3: 診断 | YI3: 10 | YN3: 休 | YV3: 休 | YW3: 研 | ZE3: 現 | ZN3: 11 | ZT3: 会 | AAM3: 会 | AAP3: 休 | AAR3: 12 | AAS3: 出 | AAU3: 会 | AAV3: 伊 | AAW3: 休 | ABA3: 研 | ABH3: 出 | ABO3: 休 | ABR3: 休 | ABT3: 半 | ABW3: 1 | ACB3: 伊 | ACC3: 会 | ACF3: 会 | ACK3: 出 | ACV3: 出 | ACX3: 会 | ADB3: 2 | ADH3: 会 | ADJ3: 米 | ADK3: 出 | AED3: 3 | AEF3: 休 | AEJ3: 会 | AEM3: 休 | AES3: 休 | AEV3: 休 | AEX3: 休 | AFI3: 4 | AFJ3: 会 | AFK3: 休 | AFV3: 休 | AGG3: 半 | AGM3: 5 | AHB3: 休 | AHG3: 休 | AHP3: 検 | AHR3: 6 | AHT3: 会 | AHU3: 現 | AHV3: 会 | AIA3: 伊 | AIN3: 熊 | AIO3: 野 | AIV3: 7 | AIX3: 会 | AJQ3: 研 | AKA3: 8 | AKG3: 会 | AKJ3: 休 | AKY3: 研 | AKZ3: 研 | ALF3: 9 | ALI3: 会 | AMJ3: 10 | ANO3: 11 | ANY3: 研 | AOS3: 12 | APX3: 1 | ARC3: 2 | ARE3: 研 | ASE3: 3
B4: 工事番号 | C4: 工事名 | D4: 状況 | E4: 詳細 | F4: 客先 | G4: SET数 | I4: 21 | J4: 22 | K4: 23 | L4: 24 | M4: 25 | N4: 26 | O4: 27 | P4: 28 | Q4: 29 | R4: 30 | S4: 31 | T4: 1 | U4: 2 | V4: 3 | W4: 4 | X4: 5 | Y4: 6 | Z4: 7 | AA4: 8 | AB4: 9 | AC4: 10 | AD4: 11 | AE4: 12 | AF4: 13 | AG4: 14 | AH4: 15 | AI4: 16 | AJ4: 17 | AK4: 18 | AL4: 19 | AM4: 20 | AN4: 21 | AO4: 22 | AP4: 23 | AQ4: 24 | AR4: 25 | AS4: 26 | AT4: 27 | AU4: 28 | AV4: 29 | AW4: 30 | AX4: 31 | AY4: 1 | AZ4: 2 | BA4: 3 | BB4: 4 | BC4: 5 | BD4: 6 | BE4: 7 | BF4: 8 | BG4: 9 | BH4: 10 | BI4: 11 | BJ4: 12 | BK4: 13 | BL4: 14 | BM4: 15 | BN4: 16 | BO4: 17 | BP4: 18 | BQ4: 19 | BR4: 20 | BS4: 21 | BT4: 22 | BU4: 23 | BV4: 24 | BW4: 25 | BX4: 26 | BY4: 27 | BZ4: 28 | CA4: 29 | CB4: 1 | CC4: 2 | CD4: 3 | CE4: 4 | CF4: 5 | CG4: 6 | CH4: 7 | CI4: 8 | CJ4: 9 | CK4: 10 | CL4: 11 | CM4: 12 | CN4: 13 | CO4: 14 | CP4: 15 | CQ4: 16 | CR4: 17 | CS4: 18 | CT4: 19 | CU4: 20 | CV4: 21 | CW4: 22 | CX4: 23 | CY4: 24 | CZ4: 25 | DA4: 26 | DB4: 27 | DC4: 28 | DD4: 29 | DE4: 30 | DF4: 31 | DG4: 1 | DH4: 2 | DI4: 3 | DJ4: 4 | DK4: 5 | DL4: 6 | DM4: 7 | DN4: 8 | DO4: 9 | DP4: 10 | DQ4: 11 | DR4: 12 | DS4: 13 | DT4: 14 | DU4: 15 | DV4: 16 | DW4: 17 | DX4: 18 | DY4: 19 | DZ4: 20 | EA4: 21 | EB4: 22 | EC4: 23 | ED4: 24 | EE4: 25 | EF4: 26 | EG4: 27 | EH4: 28 | EI4: 29 | EJ4: 30 | EK4: 1 | EL4: 2 | EM4: 3 | EN4: 4 | EO4: 5 | EP4: 6 | EQ4: 7 | ER4: 8 | ES4: 9 | ET4: 10 | EU4: 11 | EV4: 12 | EW4: 13 | EX4: 14 | EY4: 15 | EZ4: 16 | FA4: 17 | FB4: 18 | FC4: 19 | FD4: 20 | FE4: 21 | FF4: 22 | FG4: 23 | FH4: 24 | FI4: 25 | FJ4: 26 | FK4: 27 | FL4: 28 | FM4: 29 | FN4: 30 | FO4: 31 | FP4: 1 | FQ4: 2 | FR4: 3 | FS4: 4 | FT4: 5 | FU4: 6 | FV4: 7 | FW4: 8 | FX4: 9 | FY4: 10 | FZ4: 11 | GA4: 12 | GB4: 13 | GC4: 14 | GD4: 15 | GE4: 16 | GF4: 17 | GG4: 18 | GH4: 19 | GI4: 20 | GJ4: 21 | GK4: 22 | GL4: 23 | GM4: 24 | GN4: 25 | GO4: 26 | GP4: 27 | GQ4: 28 | GR4: 29 | GS4: 30 | GT4: 1 | GU4: 2 | GV4: 3 | GW4: 4 | GX4: 5 | GY4: 6 | GZ4: 7 | HA4: 8 | HB4: 9 | HC4: 10 | HD4: 11 | HE4: 12 | HF4: 13 | HG4: 14 | HH4: 15 | HI4: 16 | HJ4: 17 | HK4: 18 | HL4: 19 | HM4: 20 | HN4: 21 | HO4: 22 | HP4: 23 | HQ4: 24 | HR4: 25 | HS4: 26 | HT4: 27 | HU4: 28 | HV4: 29 | HW4: 30 | HX4: 31 | HY4: 1 | HZ4: 2 | IA4: 3 | IB4: 4 | IC4: 5 | ID4: 6 | IE4: 7 | IF4: 8 | IG4: 9 | IH4: 10 | II4: 11 | IJ4: 12 | IK4: 13 | IL4: 14 | IM4: 15 | IN4: 16 | IO4: 17 | IP4: 18 | IQ4: 19 | IR4: 20 | IS4: 21 | IT4: 22 | IU4: 23 | IV4: 24 | IW4: 25 | IX4: 26 | IY4: 27 | IZ4: 28 | JA4: 29 | JB4: 30 | JC4: 31 | JD4: 1 | JE4: 2 | JF4: 3 | JG4: 4 | JH4: 5 | JI4: 6 | JJ4: 7 | JK4: 8 | JL4: 9 | JM4: 10 | JN4: 11 | JO4: 12 | JP4: 13 | JQ4: 14 | JR4: 15 | JS4: 16 | JT4: 17 | JU4: 18 | JV4: 19 | JW4: 20 | JX4: 21 | JY4: 22 | JZ4: 23 | KA4: 24 | KB4: 25 | KC4: 26 | KD4: 27 | KE4: 28 | KF4: 29 | KG4: 30 | KH4: 1 | KI4: 2 | KJ4: 3 | KK4: 4 | KL4: 5 | KM4: 6 | KN4: 7 | KO4: 8 | KP4: 9 | KQ4: 10 | KR4: 11 | KS4: 12 | KT4: 13 | KU4: 14 | KV4: 15 | KW4: 16 | KX4: 17 | KY4: 18 | KZ4: 19 | LA4: 20 | LB4: 21 | LC4: 22 | LD4: 23 | LE4: 24 | LF4: 25 | LG4: 26 | LH4: 27 | LI4: 28 | LJ4: 29 | LK4: 30 | LL4: 31 | LM4: 1 | LN4: 2 | LO4: 3 | LP4: 4 | LQ4: 5 | LR4: 6 | LS4: 7 | LT4: 8 | LU4: 9 | LV4: 10 | LW4: 11 | LX4: 12 | LY4: 13 | LZ4: 14 | MA4: 15 | MB4: 16 | MC4: 17 | MD4: 18 | ME4: 19 | MF4: 20 | MG4: 21 | MH4: 22 | MI4: 23 | MJ4: 24 | MK4: 25 | ML4: 26 | MM4: 27 | MN4: 28 | MO4: 29 | MP4: 30 | MQ4: 1 | MR4: 2 | MS4: 3 | MT4: 4 | MU4: 5 | MV4: 6 | MW4: 7 | MX4: 8 | MY4: 9 | MZ4: 10 | NA4: 11 | NB4: 12 | NC4: 13 | ND4: 14 | NE4: 15 | NF4: 16 | NG4: 17 | NH4: 18 | NI4: 19 | NJ4: 20 | NK4: 21 | NL4: 22 | NM4: 23 | NN4: 24 | NO4: 25 | NP4: 26 | NQ4: 27 | NR4: 28 | NS4: 29 | NT4: 30 | NU4: 31 | NV4: 1 | NW4: 2 | NX4: 3 | NY4: 4 | NZ4: 5 | OA4: 6 | OB4: 7 | OC4: 8 | OD4: 9 | OE4: 10 | OF4: 11 | OG4: 12 | OH4: 13 | OI4: 14 | OJ4: 15 | OK4: 16 | OL4: 17 | OM4: 18 | ON4: 19 | OO4: 20 | OP4: 21 | OQ4: 22 | OR4: 23 | OS4: 24 | OT4: 25 | OU4: 26 | OV4: 27 | OW4: 28 | OX4: 29 | OY4: 30 | OZ4: 31 | PA4: 1 | PB4: 2 | PC4: 3 | PD4: 4 | PE4: 5 | PF4: 6 | PG4: 7 | PH4: 8 | PI4: 9 | PJ4: 10 | PK4: 11 | PL4: 12 | PM4: 13 | PN4: 14 | PO4: 15 | PP4: 16 | PQ4: 17 | PR4: 18 | PS4: 19 | PT4: 20 | PU4: 21 | PV4: 22 | PW4: 23 | PX4: 24 | PY4: 25 | PZ4: 26 | QA4: 27 | QB4: 28 | QC4: 1 | QD4: 2 | QE4: 3 | QF4: 4 | QG4: 5 | QH4: 6 | QI4: 7 | QJ4: 8 | QK4: 9 | QL4: 10 | QM4: 11 | QN4: 12 | QO4: 13 | QP4: 14 | QQ4: 15 | QR4: 16 | QS4: 17 | QT4: 18 | QU4: 19 | QV4: 20 | QW4: 21 | QX4: 22 | QY4: 23 | QZ4: 24 | RA4: 25 | RB4: 26 | RC4: 27 | RD4: 28 | RE4: 29 | RF4: 30 | RG4: 31 | RH4: 1 | RI4: 2 | RJ4: 3 | RK4: 4 | RL4: 5 | RM4: 6 | RN4: 7 | RO4: 8 | RP4: 9 | RQ4: 10 | RR4: 11 | RS4: 12 | RT4: 13 | RU4: 14 | RV4: 15 | RW4: 16 | RX4: 17 | RY4: 18 | RZ4: 19 | SA4: 20 | SB4: 21 | SC4: 22 | SD4: 23 | SE4: 24 | SF4: 25 | SG4: 26 | SH4: 27 | SI4: 28 | SJ4: 29 | SK4: 30 | SL4: 1 | SM4: 2 | SN4: 3 | SO4: 4 | SP4: 5 | SQ4: 6 | SR4: 7 | SS4: 8 | ST4: 9 | SU4: 10 | SV4: 11 | SW4: 12 | SX4: 13 | SY4: 14 | SZ4: 15 | TA4: 16 | TB4: 17 | TC4: 18 | TD4: 19 | TE4: 20 | TF4: 21 | TG4: 22 | TH4: 23 | TI4: 24 | TJ4: 25 | TK4: 26 | TL4: 27 | TM4: 28 | TN4: 29 | TO4: 30 | TP4: 31 | TQ4: 1 | TR4: 2 | TS4: 3 | TT4: 4 | TU4: 5 | TV4: 6 | TW4: 7 | TX4: 8 | TY4: 9 | TZ4: 10 | UA4: 11 | UB4: 12 | UC4: 13 | UD4: 14 | UE4: 15 | UF4: 16 | UG4: 17 | UH4: 18 | UI4: 19 | UJ4: 20 | UK4: 21 | UL4: 22 | UM4: 23 | UN4: 24 | UO4: 25 | UP4: 26 | UQ4: 27 | UR4: 28 | US4: 29 | UT4: 30 | UU4: 1 | UV4: 2 | UW4: 3 | UX4: 4 | UY4: 5 | UZ4: 6 | VA4: 7 | VB4: 8 | VC4: 9 | VD4: 10 | VE4: 11 | VF4: 12 | VG4: 13 | VH4: 14 | VI4: 15 | VJ4: 16 | VK4: 17 | VL4: 18 | VM4: 19 | VN4: 20 | VO4: 21 | VP4: 22 | VQ4: 23 | VR4: 24 | VS4: 25 | VT4: 26 | VU4: 27 | VV4: 28 | VW4: 29 | VX4: 30 | VY4: 31 | VZ4: 1 | WA4: 2 | WB4: 3 | WC4: 4 | WD4: 5 | WE4: 6 | WF4: 7 | WG4: 8 | WH4: 9 | WI4: 10 | WJ4: 11 | WK4: 12 | WL4: 13 | WM4: 14 | WN4: 15 | WO4: 16 | WP4: 17 | WQ4: 18 | WR4: 19 | WS4: 20 | WT4: 21 | WU4: 22 | WV4: 23 | WW4: 24 | WX4: 25 | WY4: 26 | WZ4: 27 | XA4: 28 | XB4: 29 | XC4: 30 | XD4: 31 | XE4: 1 | XF4: 2 | XG4: 3 | XH4: 4 | XI4: 5 | XJ4: 6 | XK4: 7 | XL4: 8 | XM4: 9 | XN4: 10 | XO4: 11 | XP4: 12 | XQ4: 13 | XR4: 14 | XS4: 15 | XT4: 16 | XU4: 17 | XV4: 18 | XW4: 19 | XX4: 20 | XY4: 21 | XZ4: 22 | YA4: 23 | YB4: 24 | YC4: 25 | YD4: 26 | YE4: 27 | YF4: 28 | YG4: 29 | YH4: 30 | YI4: 1 | YJ4: 2 | YK4: 3 | YL4: 4 | YM4: 5 | YN4: 6 | YO4: 7 | YP4: 8 | YQ4: 9 | YR4: 10 | YS4: 11 | YT4: 12 | YU4: 13 | YV4: 14 | YW4: 15 | YX4: 16 | YY4: 17 | YZ4: 18 | ZA4: 19 | ZB4: 20 | ZC4: 21 | ZD4: 22 | ZE4: 23 | ZF4: 24 | ZG4: 25 | ZH4: 26 | ZI4: 27 | ZJ4: 28 | ZK4: 29 | ZL4: 30 | ZM4: 31 | ZN4: 1 | ZO4: 2 | ZP4: 3 | ZQ4: 4 | ZR4: 5 | ZS4: 6 | ZT4: 7 | ZU4: 8 | ZV4: 9 | ZW4: 10 | ZX4: 11 | ZY4: 12 | ZZ4: 13 | AAA4: 14 | AAB4: 15 | AAC4: 16 | AAD4: 17 | AAE4: 18 | AAF4: 19 | AAG4: 20 | AAH4: 21 | AAI4: 22 | AAJ4: 23 | AAK4: 24 | AAL4: 25 | AAM4: 26 | AAN4: 27 | AAO4: 28 | AAP4: 29 | AAQ4: 30 | AAR4: 1 | AAS4: 2 | AAT4: 3 | AAU4: 4 | AAV4: 5 | AAW4: 6 | AAX4: 7 | AAY4: 8 | AAZ4: 9 | ABA4: 10 | ABB4: 11 | ABC4: 12 | ABD4: 13 | ABE4: 14 | ABF4: 15 | ABG4: 16 | ABH4: 17 | ABI4: 18 | ABJ4: 19 | ABK4: 20 | ABL4: 21 | ABM4: 22 | ABN4: 23 | ABO4: 24 | ABP4: 25 | ABQ4: 26 | ABR4: 27 | ABS4: 28 | ABT4: 29 | ABU4: 30 | ABV4: 31 | ABW4: 1 | ABX4: 2 | ABY4: 3 | ABZ4: 4 | ACA4: 5 | ACB4: 6 | ACC4: 7 | ACD4: 8 | ACE4: 9 | ACF4: 10 | ACG4: 11 | ACH4: 12 | ACI4: 13 | ACJ4: 14 | ACK4: 15 | ACL4: 16 | ACM4: 17 | ACN4: 18 | ACO4: 19 | ACP4: 20 | ACQ4: 21 | ACR4: 22 | ACS4: 23 | ACT4: 24 | ACU4: 25 | ACV4: 26 | ACW4: 27 | ACX4: 28 | ACY4: 29 | ACZ4: 30 | ADA4: 31 | ADB4: 1 | ADC4: 2 | ADD4: 3 | ADE4: 4 | ADF4: 5 | ADG4: 6 | ADH4: 7 | ADI4: 8 | ADJ4: 9 | ADK4: 10 | ADL4: 11 | ADM4: 12 | ADN4: 13 | ADO4: 14 | ADP4: 15 | ADQ4: 16 | ADR4: 17 | ADS4: 18 | ADT4: 19 | ADU4: 20 | ADV4: 21 | ADW4: 22 | ADX4: 23 | ADY4: 24 | ADZ4: 25 | AEA4: 26 | AEB4: 27 | AEC4: 28 | AED4: 1 | AEE4: 2 | AEF4: 3 | AEG4: 4 | AEH4: 5 | AEI4: 6 | AEJ4: 7 | AEK4: 8 | AEL4: 9 | AEM4: 10 | AEN4: 11 | AEO4: 12 | AEP4: 13 | AEQ4: 14 | AER4: 15 | AES4: 16 | AET4: 17 | AEU4: 18 | AEV4: 19 | AEW4: 20 | AEX4: 21 | AEY4: 22 | AEZ4: 23 | AFA4: 24 | AFB4: 25 | AFC4: 26 | AFD4: 27 | AFE4: 28 | AFF4: 29 | AFG4: 30 | AFH4: 31 | AFI4: 1 | AFJ4: 2 | AFK4: 3 | AFL4: 4 | AFM4: 5 | AFN4: 6 | AFO4: 7 | AFP4: 8 | AFQ4: 9 | AFR4: 10 | AFS4: 11 | AFT4: 12 | AFU4: 13 | AFV4: 14 | AFW4: 15 | AFX4: 16 | AFY4: 17 | AFZ4: 18 | AGA4: 19 | AGB4: 20 | AGC4: 21 | AGD4: 22 | AGE4: 23 | AGF4: 24 | AGG4: 25 | AGH4: 26 | AGI4: 27 | AGJ4: 28 | AGK4: 29 | AGL4: 30 | AGM4: 1 | AGN4: 2 | AGO4: 3 | AGP4: 4 | AGQ4: 5 | AGR4: 6 | AGS4: 7 | AGT4: 8 | AGU4: 9 | AGV4: 10 | AGW4: 11 | AGX4: 12 | AGY4: 13 | AGZ4: 14 | AHA4: 15 | AHB4: 16 | AHC4: 17 | AHD4: 18 | AHE4: 19 | AHF4: 20 | AHG4: 21 | AHH4: 22 | AHI4: 23 | AHJ4: 24 | AHK4: 25 | AHL4: 26 | AHM4: 27 | AHN4: 28 | AHO4: 29 | AHP4: 30 | AHQ4: 31 | AHR4: 1 | AHS4: 2 | AHT4: 3 | AHU4: 4 | AHV4: 5 | AHW4: 6 | AHX4: 7 | AHY4: 8 | AHZ4: 9 | AIA4: 10 | AIB4: 11 | AIC4: 12 | AID4: 13 | AIE4: 14 | AIF4: 15 | AIG4: 16 | AIH4: 17 | AII4: 18 | AIJ4: 19 | AIK4: 20 | AIL4: 21 | AIM4: 22 | AIN4: 23 | AIO4: 24 | AIP4: 25 | AIQ4: 26 | AIR4: 27 | AIS4: 28 | AIT4: 29 | AIU4: 30 | AIV4: 1 | AIW4: 2 | AIX4: 3 | AIY4: 4 | AIZ4: 5 | AJA4: 6 | AJB4: 7 | AJC4: 8 | AJD4: 9 | AJE4: 10 | AJF4: 11 | AJG4: 12 | AJH4: 13 | AJI4: 14 | AJJ4: 15 | AJK4: 16 | AJL4: 17 | AJM4: 18 | AJN4: 19 | AJO4: 20 | AJP4: 21 | AJQ4: 22 | AJR4: 23 | AJS4: 24 | AJT4: 25 | AJU4: 26 | AJV4: 27 | AJW4: 28 | AJX4: 29 | AJY4: 30 | AJZ4: 31 | AKA4: 1 | AKB4: 2 | AKC4: 3 | AKD4: 4 | AKE4: 5 | AKF4: 6 | AKG4: 7 | AKH4: 8 | AKI4: 9 | AKJ4: 10 | AKK4: 11 | AKL4: 12 | AKM4: 13 | AKN4: 14 | AKO4: 15 | AKP4: 16 | AKQ4: 17 | AKR4: 18 | AKS4: 19 | AKT4: 20 | AKU4: 21 | AKV4: 22 | AKW4: 23 | AKX4: 24 | AKY4: 25 | AKZ4: 26 | ALA4: 27 | ALB4: 28 | ALC4: 29 | ALD4: 30 | ALE4: 31 | ALF4: 1 | ALG4: 2 | ALH4: 3 | ALI4: 4 | ALJ4: 5 | ALK4: 6 | ALL4: 7 | ALM4: 8 | ALN4: 9 | ALO4: 10 | ALP4: 11 | ALQ4: 12 | ALR4: 13 | ALS4: 14 | ALT4: 15 | ALU4: 16 | ALV4: 17 | ALW4: 18 | ALX4: 19 | ALY4: 20 | ALZ4: 21 | AMA4: 22 | AMB4: 23 | AMC4: 24 | AMD4: 25 | AME4: 26 | AMF4: 27 | AMG4: 28 | AMH4: 29 | AMI4: 30 | AMJ4: 1 | AMK4: 2 | AML4: 3 | AMM4: 4 | AMN4: 5 | AMO4: 6 | AMP4: 7 | AMQ4: 8 | AMR4: 9 | AMS4: 10 | AMT4: 11 | AMU4: 12 | AMV4: 13 | AMW4: 14 | AMX4: 15 | AMY4: 16 | AMZ4: 17 | ANA4: 18 | ANB4: 19 | ANC4: 20 | AND4: 21 | ANE4: 22 | ANF4: 23 | ANG4: 24 | ANH4: 25 | ANI4: 26 | ANJ4: 27 | ANK4: 28 | ANL4: 29 | ANM4: 30 | ANN4: 31 | ANO4: 1 | ANP4: 2 | ANQ4: 3 | ANR4: 4 | ANS4: 5 | ANT4: 6 | ANU4: 7 | ANV4: 8 | ANW4: 9 | ANX4: 10 | ANY4: 11 | ANZ4: 12 | AOA4: 13 | AOB4: 14 | AOC4: 15 | AOD4: 16 | AOE4: 17 | AOF4: 18 | AOG4: 19 | AOH4: 20 | AOI4: 21 | AOJ4: 22 | AOK4: 23 | AOL4: 24 | AOM4: 25 | AON4: 26 | AOO4: 27 | AOP4: 28 | AOQ4: 29 | AOR4: 30 | AOS4: 1 | AOT4: 2 | AOU4: 3 | AOV4: 4 | AOW4: 5 | AOX4: 6 | AOY4: 7 | AOZ4: 8 | APA4: 9 | APB4: 10 | APC4: 11 | APD4: 12 | APE4: 13 | APF4: 14 | APG4: 15 | APH4: 16 | API4: 17 | APJ4: 18 | APK4: 19 | APL4: 20 | APM4: 21 | APN4: 22 | APO4: 23 | APP4: 24 | APQ4: 25 | APR4: 26 | APS4: 27 | APT4: 28 | APU4: 29 | APV4: 30 | APW4: 31 | APX4: 1 | APY4: 2 | APZ4: 3 | AQA4: 4 | AQB4: 5 | AQC4: 6 | AQD4: 7 | AQE4: 8 | AQF4: 9 | AQG4: 10 | AQH4: 11 | AQI4: 12 | AQJ4: 13 | AQK4: 14 | AQL4: 15 | AQM4: 16 | AQN4: 17 | AQO4: 18 | AQP4: 19 | AQQ4: 20 | AQR4: 21 | AQS4: 22 | AQT4: 23 | AQU4: 24 | AQV4: 25 | AQW4: 26 | AQX4: 27 | AQY4: 28 | AQZ4: 29 | ARA4: 30 | ARB4: 31 | ARC4: 1 | ARD4: 2 | ARE4: 3 | ARF4: 4 | ARG4: 5 | ARH4: 6 | ARI4: 7 | ARJ4: 8 | ARK4: 9 | ARL4: 10 | ARM4: 11 | ARN4: 12 | ARO4: 13 | ARP4: 14 | ARQ4: 15 | ARR4: 16 | ARS4: 17 | ART4: 18 | ARU4: 19 | ARV4: 20 | ARW4: 21 | ARX4: 22 | ARY4: 23 | ARZ4: 24 | ASA4: 25 | ASB4: 26 | ASC4: 27 | ASD4: 28 | ASE4: 1 | ASF4: 2 | ASG4: 3 | ASH4: 4 | ASI4: 5 | ASJ4: 6 | ASK4: 7 | ASL4: 8 | ASM4: 9 | ASN4: 10 | ASO4: 11 | ASP4: 12 | ASQ4: 13 | ASR4: 14 | ASS4: 15 | AST4: 16 | ASU4: 17 | ASV4: 18 | ASW4: 19 | ASX4: 20 | ASY4: 21 | ASZ4: 22 | ATA4: 23 | ATB4: 24 | ATC4: 25 | ATD4: 26 | ATE4: 27 | ATF4: 28 | ATG4: 29 | ATH4: 30 | ATI4: 31
B5: 25X022 | C5: 佐世保P17P20 壁高欄2枚 7/7 | D5: 出荷 | E5: 2枚60ｋｇ | AIA5: 出図 | AIH5: リスト？ | AIO5: 切板 | AIP5: 孔明仕上 | AIQ5: 梱包 | AIT5: 出荷 | AIV5: 現地着
B6: 261022 | C6: 中之口川床版取替 6/15 9/15 | D6: 出荷待ち | E6: 上り走行4基6中 上り追越4基9中 下り3set27/6 | F6: 横河NS | ADY6: 出図 | AFG6: リスト予 | AFP6: 追越リ出 | AFY6: 材入 | AFZ6: 罫書 | AGB6: 罫書 | AGC6: 材入罫書 | AGD6: 切断角切 | AGE6: 削り仕上 | AGF6: 組立溶接 | AGG6: 組立溶接 | AGI6: 組立溶接 | AGJ6: 溶接 | AGK6: 溶接歪取 | AGL6: 溶接歪取 | AGM6: 溶接歪取 | AGS6: 溶接歪取 | AGT6: 溶接歪取 | AGU6: 溶接歪取 | AGW6: 歪取仕上 | AGX6: 歪取仕上 | AGY6: 地覆組溶 | AGZ6: 地覆組溶 | AHA6: 地覆組溶 | AHB6: 仕上げ | AHD6: 仕上げ | AHE6: 仕上げ | AHF6: 仕上げ | AHG6: 仕上げ | AHH6: 自主検査 | AHK6: ブラスト | AHL6: 戻り | AHM6: 塗装 | AHN6: 塗装 | AHO6: 塗装 | AHP6: 塗装 | AHY6: 中井乾式 | AHZ6: 中井乾式 | AIA6: 圧縮 | AIB6: 仕上げ | AIC6: 仕上げ | AIF6: 仕上げ | AIG6: 仕上げ | AIH6: 完成検査 | AII6: 仕上げ | AIW6: 客先手配 | AIX6: 客先手配 | AJA6: 客先手配 | AJB6: 追越保管 | AJC6: 客先手配 | AJD6: 追越保管 | AJE6: 追越保管 | AJF6: 追越保管 | AJH6: 追越保管 | AJI6: 追越保管 | AJJ6: 追越保管 | AJK6: 追越保管 | AJL6: 追越保管 | AJP6: 追越保管 | AJQ6: 追越保管 | AJR6: 追越保管 | AJS6: 追越保管 | AJV6: 追越保管 | AJW6: 追越保管 | AJX6: 追越保管 | AJY6: 自主検査 | AJZ6: ブラスト | AKC6: ブラスト | AKD6: 戻り | AKE6: 塗装 | AKF6: 塗装 | AKG6: 塗装 | AKH6: 塗装 | AKJ6: 塗装 | AKQ6: SET | AKR6: 中井乾式 | AKS6: 中井乾式 | AKT6: 圧縮 | AKU6: 仕上げ | AKX6: 仕上げ | AKY6: 仕上げ | AKZ6: 仕上げ | ALA6: 仕上げ | ALB6: 仕上げ | ALE6: 完成検査 | ALP6: 仕上げ宵 | ALT6: 追越納期 | ALW6: 残り下り3SET 27/6中と9中 中分7SETは28年製作
A7: 過去平均 | B7: =G13 -> 1781.6311 | C7: 組立前 | D7: =SUM(I7:AIK7) -> 184 | E7: =SUM(D7/G7) -> 0.41476366 | G7: =G13*0.249 -> 443.62614 | H7: =SUM(I7:AMI7) -> 184 | AFY7: 9 | AFZ7: 4 | AGB7: 20 | AGC7: 32 | AGD7: 26 | AGE7: 26 | AGF7: 18 | AGG7: 13 | AGI7: 8 | AGJ7: 9 | AGL7: 12 | AHH7: 6 | AIH7: 1
A8: 製造予定 | B8: 1837 | C8: 組立 | D8: =SUM(I8:AIK8) -> 60 | E8: =SUM(D8/G8) -> 0.20165872 | G8: =G13*0.167 -> 297.53239 | H8: =SUM(I8:AMI8) -> 60 | AGD8: 6 | AGE8: 6 | AGF8: 6 | AGG8: 9 | AGI8: 8 | AGJ8: 5 | AGL8: 6 | AGM8: 8 | AGU8: 6
A9: 営業予定 | B9: 1325 | C9: 溶接 | D9: =SUM(I9:AIK9) -> 247 | E9: =SUM(D9/G9) -> 0.68294092 | G9: =G13*0.203 -> 361.67111 | H9: =SUM(I9:AMI9) -> 247 | AGD9: 4 | AGE9: 22 | AGF9: 36 | AGG9: 14 | AGI9: 22 | AGJ9: 8 | AGL9: 12 | AGM9: 24 | AGS9: 24 | AGT9: 16 | AGU9: 21 | AGW9: 16 | AGX9: 4 | AHG9: 8 | AHH9: 8 | AHK9: 8
B10: 実数時間 | C10: 歪取り | D10: =SUM(I10:AIK10) -> 37 | E10: =SUM(D10/G10) -> 0.37759067 | G10: =G13*0.055 -> 97.989709 | H10: =SUM(I10:AMI10) -> 37 | AGC10: 2 | AGE10: 4 | AGF10: 2 | AGG10: 3 | AGI10: 6 | AGJ10: 3 | AGM10: 6 | AGT10: 4 | AGX10: 4 | AGY10: 3
B11: =D13 -> 754 | C11: 塗装 | D11: =SUM(I11:AIK11) -> 65 | E11: =SUM(D11/G11) -> 0.49977292 | G11: =G13*0.073 -> 130.05907 | H11: =SUM(I11:AMI11) -> 111 | AHL11: 8 | AHM11: 12 | AHN11: 12 | AHO11: 6 | AHR11: 5 | AHS11: 8 | AHT11: 6 | AHU11: 6 | AHV11: 2 | AKD11: 16 | AKE11: 10 | AKF11: 6 | AKG11: 6 | AKH11: 2 | AKJ11: 2 | AKY11: 4
A12: 目標比率 | B12: =SUM(B11/(B7*E14/100)) -> 1.1723205 | C12: 仕上げ | D12: =SUM(I12:AIK12) -> 161 | E12: =SUM(D12/G12) -> 0.35025826 | G12: =G13*0.258 -> 459.66082 | H12: =SUM(I12:AMI12) -> 269 | AGL12: 2 | AGW12: 4 | AGX12: 11 | AGY12: 14 | AGZ12: 8 | AHA12: 8 | AHB12: 4 | AHE12: 11 | AHF12: 14 | AHG12: 22 | AHH12: 11 | AHK12: 16 | AHV12: 2 | AIA12: 5 | AIB12: 17 | AIC12: 6 | AII12: 4 | AIJ12: 2 | AIO12: 2 | AJH12: 4 | AJI12: 4 | AJJ12: 4 | AJK12: 4 | AJL12: 4 | AJP12: 4 | AJQ12: 4 | AJR12: 4 | AJS12: 4 | AJW12: 2 | AJX12: 2 | AKD12: 6 | AKE12: 6 | AKF12: 6 | AKG12: 6 | AKH12: 6 | AKJ12: 4 | AKQ12: 6 | AKU12: 6 | AKX12: 4 | AKY12: 4 | AKZ12: 4 | ALA12: 4 | ALB12: 4
A13: 目標比率 | B13: =SUM(B11/(B8*E14/100)) -> 1.1369857 | C13: 小計 | D13: =SUM(D7:D12) -> 754 | E13: 30 | G13: =((E13/F14*1000)*-0.0213+67.209)*E13 -> 1781.6311 | H13: =SUM(H7:H12) -> 908 | AEX13: =SUM(AEX7:AEX12) -> 0 | AEY13: =SUM(AEY7:AEY12) -> 0 | AEZ13: =SUM(AEZ7:AEZ12) -> 0 | AFA13: =SUM(AFA7:AFA12) -> 0 | AFB13: =SUM(AFB7:AFB12) -> 0 | AFC13: =SUM(AFC7:AFC12) -> 0 | AFD13: =SUM(AFD7:AFD12) -> 0 | AFE13: =SUM(AFE7:AFE12) -> 0 | ... AIO13: =SUM(AIO7:AIO12) -> 2
A14: 目標比率 | B14: =SUM(B11/(B9*E14/100)) -> 1.5763341 | C14: =SUM(B11/(E13*E14/100)) -> 69.621422 | D14: H | E14: 36.1 | F14: 81.7 | AEX14: 組前 | AEZ14: =SUM(AEX7:AGB7) -> 33 | AFB14: 組立 | AFD14: =SUM(AEX8:AGB8) -> 0 | AFF14: 溶接 | AFH14: =SUM(AEX9:AGB9) -> 0 | AFJ14: 歪取 | AFL14: =SUM(AEX10:AGB10) -> 0 | AFN14: 塗装 | AFP14: =SUM(AEX11:AGB11) -> 0 | AFR14: 仕上 | AFT14: =SUM(AEX12:AGB12) -> 0 | AFV14: 合計 | AFX14: =SUM(AEX13:AGB13) -> 33 | AGC14: 組前 | AGE14: =SUM(AGC7:AHF7) -> 144 | AGG14: 組立 | AGI14: =SUM(AGC8:AHF8) -> 60 | AGK14: 溶接 | AGM14: =SUM(AGC9:AHF9) -> 223 | AGO14: 歪取 | AGQ14: =SUM(AGC10:AHF10) -> 37 | AGS14: 塗装 | AGU14: =SUM(AGC11:AHF11) -> 0 | AGW14: 仕上 | AGY14: =SUM(AGC12:AHF12) -> 76 | AHA14: 合計 | AHC14: =SUM(AGC13:AHF13) -> 540 | AHG14: 組前 | AHI14: =SUM(AHG7:AIK7) -> 7 | AHK14: 組立 | AHM14: =SUM(AHG8:AIK8) -> 0 | AHO14: 溶接 | AHQ14: =SUM(AHG9:AIK9) -> 24 | AHS14: 歪取 | AHU14: =SUM(AHG10:AIK10) -> 0 | AHW14: 塗装 | AHY14: =SUM(AHG11:AIK11) -> 65 | AIA14: 仕上 | AIC14: =SUM(AHG12:AIK12) -> 85 | AIE14: 合計 | AIG14: =SUM(AHG13:AIK13) -> 181
B15: 面積 | C15: 60 | E15: 2.5 | F15: 3 | G15: 3.5 | H15: 4 | AFY15: =$C15*$E15/2 -> 75 | AFZ15: =$C15*$E15/2 -> 75 | AGA15: =$C15*$E15/2 -> 75 | AGB15: =$C15*$E15/2 -> 75 | AGC15: =$C15*$E15/2 -> 75 | AGD15: =$C15*$E15/2 -> 75 | AGE15: =$C15*$E15/2 -> 75 | AGF15: =$C15*$F15/2 -> 90 | AGG15: =$C15*$F15/2 -> 90 | AGH15: =$C15*$F15/2 -> 90 | AGI15: =$C15*$F15/2 -> 90 | AGJ15: =$C15*$F15/2 -> 90 | AGK15: =$C15*$F15/2 -> 90 | AGL15: =$C15*$F15/2 -> 90 | AGM15: =$C15*$F15/2 -> 90 | ... AGV15: =$C15*$F15/2 -> 90 | AGW15: =$C15*$G46/2 -> 105 | AGX15: =$C15*$G46/2 -> 105 | AGY15: =$C15*$G46/2 -> 105 | AGZ15: =$C15*$G46/2 -> 105 | AHA15: =$C15*$G46/2 -> 105 | AHB15: =$C15*$G46/2 -> 105 | AHC15: =$C15*$G46/2 -> 105 | AHD15: =$C15*$G46/2 -> 105 | ... AHG15: =$C15*$G46/2 -> 105 | AHH15: =$C15*$E15/2 -> 75 | AHI15: =$C15*$E15/2 -> 75 | AHJ15: =$C15*$E15/2 -> 75 | AHK15: =$C15*$E15/2 -> 75 | AHL15: =$C15*$H15/2 -> 120 | AHM15: =$C15*$H15/2 -> 120 | AHN15: =$C15*$H15/2 -> 120 | AHO15: =$C15*$H15/2 -> 120 | AHP15: =$C15*$H15/2 -> 120 | AHQ15: =$C15*$H15/2 -> 120 | AHR15: =$C15*$E15/2 -> 75 | AHS15: =$C15*$E15/2 -> 75 | AHT15: =$C15*$E15/2 -> 75 | AHU15: =$C15*$E15/2 -> 75 | AHV15: =$C15*$E15/2 -> 75 | AHW15: =$C15*$E15/2 -> 75 | AHX15: =$C15*$E15/2 -> 75 | AHY15: =$C15*$E15/2 -> 75 | ... AJA15: =$C15*$E15/2 -> 75 | AJB15: =$C15*$E15/4 -> 37.5 | AJC15: =$C15*$E15/4 -> 37.5 | AJD15: =$C15*$E15/4 -> 37.5 | AJE15: =$C15*$E15/4 -> 37.5 | AJF15: =$C15*$E15/4 -> 37.5 | AJG15: =$C15*$E15/4 -> 37.5 | AJH15: =$C15*$E15/4 -> 37.5 | AJI15: =$C15*$E15/4 -> 37.5 | ... AKC15: =$C15*$E15/4 -> 37.5 | AKD15: =$C15*$H15/4 -> 60 | AKE15: =$C15*$H15/4 -> 60 | AKF15: =$C15*$H15/4 -> 60 | AKG15: =$C15*$H15/4 -> 60 | AKH15: =$C15*$H15/4 -> 60 | AKI15: =$C15*$H15/4 -> 60 | AKJ15: =$C15*$H15/4 -> 60 | AKK15: =$C15*$H15/4 -> 60 | ... AKP15: =$C15*$H15/4 -> 60 | AKQ15: =$C15*$E15/4 -> 37.5 | AKR15: =$C15*$E15/4 -> 37.5 | AKS15: =$C15*$E15/4 -> 37.5 | AKT15: =$C15*$E15/4 -> 37.5 | AKU15: =$C15*$E15/4 -> 37.5 | AKV15: =$C15*$E15/4 -> 37.5 | AKW15: =$C15*$E15/4 -> 37.5 | AKX15: =$C15*$E15/4 -> 37.5 | ... ALP15: =$C15*$E15/4 -> 37.5
B16: 204013 | C16: 名神 長良川P6A2 ①期6/15 | D16: 製作中 | E16: 6ｼﾞｮｲﾝﾄ 92.629④ ②期24/8 ③期26/1 | F16: 三住建設 | FR16: 塗料入荷 | FZ16: 塗料抜取 | GM16: FIL？ | HC16: 伊賀横持 | HD16: ブラスト | HE16: 戻り養生 | HF16: 塗装 | HI16: 塗装 | HJ16: 塗装 | HK16: 塗装 | HL16: 塗装 | HO16: 塗装 | HP16: 塗装 | HQ16: 塗装 | HR16: SET | HV16: ニタ乾式 | HW16: 圧縮 | HX16: 仕上げ | HY16: 仕上げ | HZ16: 仕上げ | IA16: 仕上げ | IC16: 仕上げ | ID16: 完成検査 | IE16: 出荷宵積 | IF16: P6納期 | MA16: 伊賀横持 | MD16: ブラスト | ME16: 戻り養生 | MG16: 塗装 | MH16: 塗装 | MK16: 塗装 | ML16: 塗装 | MM16: 塗装 | MN16: 塗料期限 | MO16: 塗装 | MR16: SET | NO16: 乾式材料 | NQ16: ニタ乾式 | NR16: 仕上げ | OA16: 圧縮 | OB16: 仕上げ | OC16: 仕上げ | OD16: 仕上げ | OE16: A1検査 | OI16: 出荷宵積 | OJ16: 現場着 | ACB16: 伊賀宵積 | ACC16: ブラスト | ACD16: 戻り | ACE16: 養生 | ACF16: 塗装 | ACG16: 塗装 | ACI16: 塗装 | ACJ16: 塗装 | ACK16: 塗装 | ACL16: 塗装 | ACM16: 塗装 | ACO16: SET？ | ACP16: ニタ乾？ | ACQ16: 圧縮 | ACR16: 仕上げ | ACS16: 仕上げ | ACV16: 仕上げ | ACW16: 仕上げ | ACX16: 仕上げ | ACY16: 仕上げ | ACZ16: 仕上げ | ADC16: FIブラ | ADD16: 戻り | ADE16: 仕分け | ADF16: 梱包 | ADN16: 完成検査 | ADQ16: 泉北保管 | ADR16: 泉北保管 | ADS16: 泉北保管 | ADT16: 泉北保管 | ADU16: 泉北保管 | ADY16: 泉北保管 | ADZ16: 泉北保管 | AEA16: 泉北保管 | AEB16: 泉北保管 | AEC16: 泉北保管 | AEE16: 泉北保管 | AEF16: 泉北保管 | AEG16: 泉北保管 | AEH16: 泉北保管 | AEI16: P6現予 | AFI16: 伊賀保管 | AFJ16: 伊賀保管 | AFK16: 伊賀保管 | AFN16: 伊賀保管 | AFO16: 伊賀保管 | AFP16: 伊賀保管 | AFQ16: 伊賀保管 | AFR16: 伊賀保管 | AFU16: 伊賀保管 | AFV16: 伊賀保管 | AFW16: 伊賀保管 | AFX16: 伊賀保管 | AFY16: 伊賀保管 | AGB16: 伊賀保管 | AGC16: 伊賀保管 | AGD16: 伊賀保管 | AGE16: 伊賀保管 | AGF16: 伊賀保管 | AGG16: 伊賀保管 | AGI16: 伊賀保管 | AGJ16: 伊賀保管 | AGL16: 伊賀保管 | AGM16: 伊賀保管 | AGS16: 伊賀保管 | AGT16: 伊賀保管 | AGU16: 伊賀保管 | AGW16: 伊賀保管 | AGX16: 伊賀保管 | AGY16: 伊賀保管 | AGZ16: 伊賀保管 | AHA16: 伊賀保管 | AHB16: 伊賀保管 | AHD16: 伊賀保管 | AHE16: 伊賀保管 | AHF16: 伊賀保管 | AHG16: 伊賀保管 | AHH16: 伊賀保管 | AHK16: 伊賀保管 | AHL16: 伊賀保管 | AHM16: 伊賀保管 | AHN16: 伊賀保管 | AHO16: 伊賀保管 | AHR16: 伊賀保管 | AHS16: 伊賀保管 | AHT16: 伊賀保管 | AHU16: 伊賀保管 | AHV16: 伊賀保管 | AHY16: 伊賀保管 | AHZ16: 伊賀保管 | AIA16: 伊賀宵積 | AIB16: ブラスト | AIC16: 戻り | AIF16: 塗装 | AIG16: 塗装 | AIH16: 塗装 | AII16: 塗装 | AIJ16: 塗装 | AIM16: 塗装 | AIN16: 塗装 | AIO16: 塗装 | AIP16: SET？ | AIT16: ニタ乾式 | AIU16: 圧縮 | AIV16: 仕上げ | AIW16: 仕上げ | AIX16: 仕上げ | AJA16: 仕上げ | AJB16: 仕上げ | AJC16: 完成検査 | AKY16: 納期
A17: 過去平均 | B17: =G23 -> 1743.9744 | C17: 組立前 | D17: =SUM(I17:AIK17) -> 546 | E17: =SUM(D17/G17) -> 1.1949541 | G17: =G23*0.262 -> 456.9213 | H17: =SUM(I17:AMI17) -> 546 | T17: 546 | AIL17: =INDEX([1]集計!$G:$AK,MATCH($B16,[1]集計!$A$1:$A$945,0)+0,MATCH(AIL$152,[1]集計!$G$2:$AK$2,0)) | AIM17: =INDEX([1]集計!$G:$AK,MATCH($B16,[1]集計!$A$1:$A$945,0)+0,MATCH(AIM$152,[1]集計!$G$2:$AK$2,0)) | AIN17: =INDEX([1]集計!$G:$AK,MATCH($B16,[1]集計!$A$1:$A$945,0)+0,MATCH(AIN$152,[1]集計!$G$2:$AK$2,0)) | AIO17: =INDEX([1]集計!$G:$AK,MATCH($B16,[1]集計!$A$1:$A$945,0)+0,MATCH(AIO$152,[1]集計!$G$2:$AK$2,0)) | AIP17: =INDEX([1]集計!$G:$AK,MATCH($B16,[1]集計!$A$1:$A$945,0)+0,MATCH(AIP$152,[1]集計!$G$2:$AK$2,0)) | AIQ17: =INDEX([1]集計!$G:$AK,MATCH($B16,[1]集計!$A$1:$A$945,0)+0,MATCH(AIQ$152,[1]集計!$G$2:$AK$2,0)) | AIR17: =INDEX([1]集計!$G:$AK,MATCH($B16,[1]集計!$A$1:$A$945,0)+0,MATCH(AIR$152,[1]集計!$G$2:$AK$2,0)) | AIS17: =INDEX([1]集計!$G:$AK,MATCH($B16,[1]集計!$A$1:$A$945,0)+0,MATCH(AIS$152,[1]集計!$G$2:$AK$2,0)) | ... AIU17: =INDEX([1]集計!$G:$AK,MATCH($B16,[1]集計!$A$1:$A$945,0)+0,MATCH(AIU$152,[1]集計!$G$2:$AK$2,0))
A18: 製造予定 | B18: 1900 | C18: 組立 | D18: =SUM(I18:AIK18) -> 297 | E18: =SUM(D18/G18) -> 1.60661 | G18: =G23*0.106 -> 184.86129 | H18: =SUM(I18:AMI18) -> 299 | T18: 297 | AIL18: =INDEX([1]集計!$G:$AK,MATCH($B16,[1]集計!$A$1:$A$945,0)+1,MATCH(AIL$152,[1]集計!$G$2:$AK$2,0)) | AIM18: =INDEX([1]集計!$G:$AK,MATCH($B16,[1]集計!$A$1:$A$945,0)+1,MATCH(AIM$152,[1]集計!$G$2:$AK$2,0)) | AIN18: =INDEX([1]集計!$G:$AK,MATCH($B16,[1]集計!$A$1:$A$945,0)+1,MATCH(AIN$152,[1]集計!$G$2:$AK$2,0)) -> 2 | AIO18: =INDEX([1]集計!$G:$AK,MATCH($B16,[1]集計!$A$1:$A$945,0)+1,MATCH(AIO$152,[1]集計!$G$2:$AK$2,0)) | AIP18: =INDEX([1]集計!$G:$AK,MATCH($B16,[1]集計!$A$1:$A$945,0)+1,MATCH(AIP$152,[1]集計!$G$2:$AK$2,0)) | AIQ18: =INDEX([1]集計!$G:$AK,MATCH($B16,[1]集計!$A$1:$A$945,0)+1,MATCH(AIQ$152,[1]集計!$G$2:$AK$2,0)) | AIR18: =INDEX([1]集計!$G:$AK,MATCH($B16,[1]集計!$A$1:$A$945,0)+1,MATCH(AIR$152,[1]集計!$G$2:$AK$2,0)) | AIS18: =INDEX([1]集計!$G:$AK,MATCH($B16,[1]集計!$A$1:$A$945,0)+1,MATCH(AIS$152,[1]集計!$G$2:$AK$2,0)) | ... AIU18: =INDEX([1]集計!$G:$AK,MATCH($B16,[1]集計!$A$1:$A$945,0)+1,MATCH(AIU$152,[1]集計!$G$2:$AK$2,0))
A19: 営業予定 | B19: 2188 | C19: 溶接 | D19: =SUM(I19:AIK19) -> 584 | E19: =SUM(D19/G19) -> 1.0025967 | G19: =G23*0.334 -> 582.48746 | H19: =SUM(I19:AMI19) -> 584 | T19: 584 | AIL19: =INDEX([1]集計!$G:$AK,MATCH($B16,[1]集計!$A$1:$A$945,0)+2,MATCH(AIL$152,[1]集計!$G$2:$AK$2,0)) | AIM19: =INDEX([1]集計!$G:$AK,MATCH($B16,[1]集計!$A$1:$A$945,0)+2,MATCH(AIM$152,[1]集計!$G$2:$AK$2,0)) | AIN19: =INDEX([1]集計!$G:$AK,MATCH($B16,[1]集計!$A$1:$A$945,0)+2,MATCH(AIN$152,[1]集計!$G$2:$AK$2,0)) | AIO19: =INDEX([1]集計!$G:$AK,MATCH($B16,[1]集計!$A$1:$A$945,0)+2,MATCH(AIO$152,[1]集計!$G$2:$AK$2,0)) | AIP19: =INDEX([1]集計!$G:$AK,MATCH($B16,[1]集計!$A$1:$A$945,0)+2,MATCH(AIP$152,[1]集計!$G$2:$AK$2,0)) | AIQ19: =INDEX([1]集計!$G:$AK,MATCH($B16,[1]集計!$A$1:$A$945,0)+2,MATCH(AIQ$152,[1]集計!$G$2:$AK$2,0)) | AIR19: =INDEX([1]集計!$G:$AK,MATCH($B16,[1]集計!$A$1:$A$945,0)+2,MATCH(AIR$152,[1]集計!$G$2:$AK$2,0)) | AIS19: =INDEX([1]集計!$G:$AK,MATCH($B16,[1]集計!$A$1:$A$945,0)+2,MATCH(AIS$152,[1]集計!$G$2:$AK$2,0)) | ... AIU19: =INDEX([1]集計!$G:$AK,MATCH($B16,[1]集計!$A$1:$A$945,0)+2,MATCH(AIU$152,[1]集計!$G$2:$AK$2,0))
B20: 実数時間 | C20: 歪取り | D20: =SUM(I20:AIK20) -> 101 | E20: =SUM(D20/G20) -> 0.86438347 | G20: =G23*0.067 -> 116.84629 | H20: =SUM(I20:AMI20) -> 101 | T20: 101 | AIL20: =INDEX([1]集計!$G:$AK,MATCH($B16,[1]集計!$A$1:$A$945,0)+3,MATCH(AIL$152,[1]集計!$G$2:$AK$2,0)) | AIM20: =INDEX([1]集計!$G:$AK,MATCH($B16,[1]集計!$A$1:$A$945,0)+3,MATCH(AIM$152,[1]集計!$G$2:$AK$2,0)) | AIN20: =INDEX([1]集計!$G:$AK,MATCH($B16,[1]集計!$A$1:$A$945,0)+3,MATCH(AIN$152,[1]集計!$G$2:$AK$2,0)) | AIO20: =INDEX([1]集計!$G:$AK,MATCH($B16,[1]集計!$A$1:$A$945,0)+3,MATCH(AIO$152,[1]集計!$G$2:$AK$2,0)) | AIP20: =INDEX([1]集計!$G:$AK,MATCH($B16,[1]集計!$A$1:$A$945,0)+3,MATCH(AIP$152,[1]集計!$G$2:$AK$2,0)) | AIQ20: =INDEX([1]集計!$G:$AK,MATCH($B16,[1]集計!$A$1:$A$945,0)+3,MATCH(AIQ$152,[1]集計!$G$2:$AK$2,0)) | AIR20: =INDEX([1]集計!$G:$AK,MATCH($B16,[1]集計!$A$1:$A$945,0)+3,MATCH(AIR$152,[1]集計!$G$2:$AK$2,0)) | AIS20: =INDEX([1]集計!$G:$AK,MATCH($B16,[1]集計!$A$1:$A$945,0)+3,MATCH(AIS$152,[1]集計!$G$2:$AK$2,0)) | ... AIU20: =INDEX([1]集計!$G:$AK,MATCH($B16,[1]集計!$A$1:$A$945,0)+3,MATCH(AIU$152,[1]集計!$G$2:$AK$2,0))
B21: =D23 -> 2573 | C21: 塗装 | D21: =SUM(I21:AIK21) -> 199 | E21: =SUM(D21/G21) -> 2.0376282 | G21: =G23*0.056 -> 97.662569 | H21: =SUM(I21:AMI21) -> 210 | T21: 50 | HE21: 2 | HF21: 6 | HI21: 6 | HJ21: 7 | HK21: 3 | HL21: 6 | HM21: 3 | HO21: 3 | MF21: 8 | MG21: 3 | MH21: 2 | MI21: 3 | MK21: 2 | ML21: 3 | MM21: 4 | MN21: 3 | MR21: 4 | MS21: 3 | MT21: 3 | MU21: 2 | ACD21: 7 | ACE21: 16 | ACH21: 3 | ACI21: 6 | ACJ21: 3 | ACK21: 2 | ACL21: 6 | ACM21: 2 | ACO21: 3 | AIF21: 12 | AIG21: 4 | AIH21: 6 | AII21: 3 | AIL21: =INDEX([1]集計!$G:$AK,MATCH($B16,[1]集計!$A$1:$A$945,0)+4,MATCH(AIL$152,[1]集計!$G$2:$AK$2,0)) | AIM21: =INDEX([1]集計!$G:$AK,MATCH($B16,[1]集計!$A$1:$A$945,0)+4,MATCH(AIM$152,[1]集計!$G$2:$AK$2,0)) -> 3 | AIN21: =INDEX([1]集計!$G:$AK,MATCH($B16,[1]集計!$A$1:$A$945,0)+4,MATCH(AIN$152,[1]集計!$G$2:$AK$2,0)) -> 4 | AIO21: =INDEX([1]集計!$G:$AK,MATCH($B16,[1]集計!$A$1:$A$945,0)+4,MATCH(AIO$152,[1]集計!$G$2:$AK$2,0)) -> 4 | AIP21: =INDEX([1]集計!$G:$AK,MATCH($B16,[1]集計!$A$1:$A$945,0)+4,MATCH(AIP$152,[1]集計!$G$2:$AK$2,0)) | AIQ21: =INDEX([1]集計!$G:$AK,MATCH($B16,[1]集計!$A$1:$A$945,0)+4,MATCH(AIQ$152,[1]集計!$G$2:$AK$2,0)) | AIR21: =INDEX([1]集計!$G:$AK,MATCH($B16,[1]集計!$A$1:$A$945,0)+4,MATCH(AIR$152,[1]集計!$G$2:$AK$2,0)) | AIS21: =INDEX([1]集計!$G:$AK,MATCH($B16,[1]集計!$A$1:$A$945,0)+4,MATCH(AIS$152,[1]集計!$G$2:$AK$2,0)) | ... AIU21: =INDEX([1]集計!$G:$AK,MATCH($B16,[1]集計!$A$1:$A$945,0)+4,MATCH(AIU$152,[1]集計!$G$2:$AK$2,0))
A22: 目標比率 | B22: =SUM(B21/(B17*E24/100)) -> 1.5054752 | C22: 仕上げ | D22: =SUM(I22:AIK22) -> 846 | E22: =SUM(D22/G22) -> 2.7719934 | G22: =G23*0.175 -> 305.19553 | H22: =SUM(I22:AMI22) -> 886 | T22: 635 | HI22: 8 | HJ22: 8 | HK22: 2 | HP22: 3 | HQ22: 4 | HS22: 6 | HV22: 2 | HW22: 4 | HX22: 6 | HY22: 6 | HZ22: 10 | IA22: 3 | IC22: 4 | ID22: 7 | LZ22: 1 | MB22: 1 | ML22: 2 | MV22: 3 | MW22: 3 | MY22: 1 | NM22: 4 | NN22: 7 | NO22: 2 | OA22: 8 | OB22: 6 | OC22: 16 | OD22: 6 | OE22: 1 | ACB22: 12 | ACC22: 2 | ACP22: 10 | ACR22: 3 | ACS22: 3 | ACV22: 6 | ACW22: 2 | ADA22: 1 | ADC22: 2 | ADJ22: 2 | ADK22: 11 | ADM22: 12 | ADQ22: 3 | AIJ22: 8 | AIL22: =INDEX([1]集計!$G:$AK,MATCH($B16,[1]集計!$A$1:$A$945,0)+5,MATCH(AIL$152,[1]集計!$G$2:$AK$2,0)) | AIM22: =INDEX([1]集計!$G:$AK,MATCH($B16,[1]集計!$A$1:$A$945,0)+5,MATCH(AIM$152,[1]集計!$G$2:$AK$2,0)) | AIN22: =INDEX([1]集計!$G:$AK,MATCH($B16,[1]集計!$A$1:$A$945,0)+5,MATCH(AIN$152,[1]集計!$G$2:$AK$2,0)) | AIO22: =INDEX([1]集計!$G:$AK,MATCH($B16,[1]集計!$A$1:$A$945,0)+5,MATCH(AIO$152,[1]集計!$G$2:$AK$2,0)) | AIP22: =INDEX([1]集計!$G:$AK,MATCH($B16,[1]集計!$A$1:$A$945,0)+5,MATCH(AIP$152,[1]集計!$G$2:$AK$2,0)) -> 2 | AIQ22: =INDEX([1]集計!$G:$AK,MATCH($B16,[1]集計!$A$1:$A$945,0)+5,MATCH(AIQ$152,[1]集計!$G$2:$AK$2,0)) -> 2 | AIR22: =INDEX([1]集計!$G:$AK,MATCH($B16,[1]集計!$A$1:$A$945,0)+5,MATCH(AIR$152,[1]集計!$G$2:$AK$2,0)) | AIS22: =INDEX([1]集計!$G:$AK,MATCH($B16,[1]集計!$A$1:$A$945,0)+5,MATCH(AIS$152,[1]集計!$G$2:$AK$2,0)) | ... AIU22: =INDEX([1]集計!$G:$AK,MATCH($B16,[1]集計!$A$1:$A$945,0)+5,MATCH(AIU$152,[1]集計!$G$2:$AK$2,0)) -> 10 | AIV22: 3 | AIW22: 6 | AIX22: 2 | AJA22: 6 | AJB22: 1 | AJC22: 2
A23: 目標比率 | B23: =SUM(B21/(B18*E24/100)) -> 1.3818475 | C23: 小計 | D23: =SUM(D17:D22) -> 2573 | E23: 46.3 | G23: =((E23/F24*1000)*-0.0107+47.419)*E23 -> 1743.9744 | H23: =SUM(H17:H22) -> 2626 | GJ23: =SUM(GJ17:GJ22) -> 0 | GK23: =SUM(GK17:GK22) -> 0 | GL23: =SUM(GL17:GL22) -> 0 | GM23: =SUM(GM17:GM22) -> 0 | GN23: =SUM(GN17:GN22) -> 0 | GO23: =SUM(GO17:GO22) -> 0 | GP23: =SUM(GP17:GP22) -> 0 | GQ23: =SUM(GQ17:GQ22) -> 0 | ... IR23: =SUM(IR17:IR22) -> 0 | LB23: =SUM(LB17:LB22) -> 0 | LC23: =SUM(LC17:LC22) -> 0 | LD23: =SUM(LD17:LD22) -> 0 | LE23: =SUM(LE17:LE22) -> 0 | LF23: =SUM(LF17:LF22) -> 0 | LG23: =SUM(LG17:LG22) -> 0 | LH23: =SUM(LH17:LH22) -> 0 | LI23: =SUM(LI17:LI22) -> 0 | ... OO23: =SUM(OO17:OO22) -> 0 | ABL23: =SUM(ABL17:ABL22) -> 0 | ABM23: =SUM(ABM17:ABM22) -> 0 | ABN23: =SUM(ABN17:ABN22) -> 0 | ABO23: =SUM(ABO17:ABO22) -> 0 | ABP23: =SUM(ABP17:ABP22) -> 0 | ABQ23: =SUM(ABQ17:ABQ22) -> 0 | ABR23: =SUM(ABR17:ABR22) -> 0 | ABS23: =SUM(ABS17:ABS22) -> 0 | ... ADU23: =SUM(ADU17:ADU22) -> 0 | AHG23: =SUM(AHG17:AHG22) -> 0 | AHH23: =SUM(AHH17:AHH22) -> 0 | AHI23: =SUM(AHI17:AHI22) -> 0 | AHJ23: =SUM(AHJ17:AHJ22) -> 0 | AHK23: =SUM(AHK17:AHK22) -> 0 | AHL23: =SUM(AHL17:AHL22) -> 0 | AHM23: =SUM(AHM17:AHM22) -> 0 | AHN23: =SUM(AHN17:AHN22) -> 0 | ... AIO23: =SUM(AIO17:AIO22) -> 4
A24: 目標比率 | B24: =SUM(B21/(B19*E24/100)) -> 1.199959 | C24: =SUM(B21/(E23*E24/100)) -> 56.706484 | D24: H | E24: 98 | F24: 50.8 | GJ24: 組前 | GL24: =SUM(GJ17:HM17) -> 0 | GN24: 組立 | GP24: =SUM(GJ18:HM18) -> 0 | GR24: 溶接 | GT24: =SUM(GJ19:HM19) -> 0 | GV24: 歪取 | GX24: =SUM(GJ20:HM20) -> 0 | GZ24: 塗装 | HB24: =SUM(GJ21:HM21) -> 33 | HD24: 仕上 | HF24: =SUM(GJ22:HM22) -> 18 | HH24: 合計 | HJ24: =SUM(GJ23:HM23) -> 51 | HN24: 組前 | HP24: =SUM(HN17:IR17) -> 0 | HR24: 組立 | HT24: =SUM(HN18:IR18) -> 0 | HV24: 溶接 | HX24: =SUM(HN19:IR19) -> 0 | HZ24: 歪取 | IB24: =SUM(HN20:IR20) -> 0 | ID24: 塗装 | IF24: =SUM(HN21:IR21) -> 3 | IH24: 仕上 | IJ24: =SUM(HN22:IR22) -> 55 | IL24: 合計 | IN24: =SUM(HN23:IR23) -> 58 | LB24: 組前 | LD24: =SUM(LB17:MF17) -> 0 | LF24: 組立 | LH24: =SUM(LB18:MF18) -> 0 | LJ24: 溶接 | LL24: =SUM(LB19:MF19) -> 0 | LN24: 歪取 | LP24: =SUM(LB20:MF20) -> 0 | LR24: 塗装 | LT24: =SUM(LB21:MF21) -> 8 | LV24: 仕上 | LX24: =SUM(LB22:MF22) -> 2 | LZ24: 合計 | MB24: =SUM(LB23:MF23) -> 10 | MG24: 組前 | MI24: =SUM(MG17:NJ17) -> 0 | MK24: 組立 | MM24: =SUM(MG18:NJ18) -> 0 | MO24: 溶接 | MQ24: =SUM(MG19:NJ19) -> 0 | MS24: 歪取 | MU24: =SUM(MG20:NJ20) -> 0 | MW24: 塗装 | MY24: =SUM(MG21:NJ21) -> 32 | NA24: 仕上 | NC24: =SUM(MG22:NJ22) -> 9 | NE24: 合計 | NG24: =SUM(MG23:NJ23) -> 41 | NK24: 組前 | NM24: =SUM(NK17:OO17) -> 0 | NO24: 組立 | NQ24: =SUM(NK18:OO18) -> 0 | NS24: 溶接 | NU24: =SUM(NK19:OO19) -> 0 | NW24: 歪取 | NY24: =SUM(NK20:OO20) -> 0 | OA24: 塗装 | OC24: =SUM(NK21:OO21) -> 0 | OE24: 仕上 | OG24: =SUM(NK22:OO22) -> 50 | OI24: 合計 | OK24: =SUM(NK23:OO23) -> 50 | ABL24: 組前 | ABN24: =SUM(ABL17:ACP17) -> 0 | ABP24: 組立 | ABR24: =SUM(ABL18:ACP18) -> 0 | ABT24: 溶接 | ABV24: =SUM(ABL19:ACP19) -> 0 | ABX24: 歪取 | ABZ24: =SUM(ABL20:ACP20) -> 0 | ACB24: 塗装 | ACD24: =SUM(ABL21:ACP21) -> 48 | ACF24: 仕上 | ACH24: =SUM(ABL22:ACP22) -> 24 | ACJ24: 合計 | ACL24: =SUM(ABL23:ACP23) -> 72 | ACQ24: 組前 | ACS24: =SUM(ACQ17:ADU17) -> 0 | ACU24: 組立 | ACW24: =SUM(ACQ18:ADU18) -> 0 | ACY24: 溶接 | ADA24: =SUM(ACQ19:ADU19) -> 0 | ADC24: 歪取 | ADE24: =SUM(ACQ20:ADU20) -> 0 | ADG24: 塗装 | ADI24: =SUM(ACQ21:ADU21) -> 0 | ADK24: 仕上 | ADM24: =SUM(ACQ22:ADU22) -> 45 | ADO24: 合計 | ADQ24: =SUM(ACQ23:ADU23) -> 45 | AHG24: 組前 | AHI24: =SUM(AHG17:AIK17) -> 0 | AHK24: 組立 | AHM24: =SUM(AHG18:AIK18) -> 0 | AHO24: 溶接 | AHQ24: =SUM(AHG19:AIK19) -> 0 | AHS24: 歪取 | AHU24: =SUM(AHG20:AIK20) -> 0 | AHW24: 塗装 | AHY24: =SUM(AHG21:AIK21) -> 25 | AIA24: 仕上 | AIC24: =SUM(AHG22:AIK22) -> 8 | AIE24: 合計 | AIG24: =SUM(AHG23:AIK23) -> 33
B25: 面積 | C25: 73.9 | E25: 2.5 | F25: 3 | G25: 3.5 | H25: 4 | HE25: =$C25*$H25/3 -> 98.533333 | HF25: =$C25*$H25/3 -> 98.533333 | HG25: =$C25*$H25/3 -> 98.533333 | HH25: =$C25*$H25/3 -> 98.533333 | HI25: =$C25*$H25/3 -> 98.533333 | HJ25: =$C25*$E25/3 -> 61.583333 | HK25: =$C25*$E25/3 -> 61.583333 | HL25: =$C25*$E25/3 -> 61.583333 | HM25: =$C25*$E25/3 -> 61.583333 | HN25: =$C25*$E25/3 -> 61.583333 | HO25: =$C25*$E25/3 -> 61.583333 | HP25: =$C25*$E25/3 -> 61.583333 | HQ25: =$C25*$E25/3 -> 61.583333 | ... ID25: =$C25*$E25/3 -> 61.583333 | ME25: =$C25*$E25/3 -> 61.583333 | MF25: =$C25*$E25/3 -> 61.583333 | MG25: =$C25*$E25/3 -> 61.583333 | MH25: =$C25*$E25/3 -> 61.583333 | MI25: =$C25*$E25/3 -> 61.583333 | MJ25: =$C25*$E25/3 -> 61.583333 | MK25: =$C25*$E25/3 -> 61.583333 | ML25: =$C25*$E25/3 -> 61.583333 | ... OI25: =$C25*$E25/3 -> 61.583333 | ACB25: =$C25*$E25/3 -> 61.583333 | ACC25: =$C25*$E25/3 -> 61.583333 | ACD25: =$C25*$E25/3 -> 61.583333 | ACE25: =$C25*$E25/3 -> 61.583333 | ACF25: =$C25*$E25/3 -> 61.583333 | ACG25: =$C25*$E25/3 -> 61.583333 | ACH25: =$C25*$E25/3 -> 61.583333 | ACI25: =$C25*$E25/3 -> 61.583333 | ... AEH25: =$C25*$E25/3 -> 61.583333 | AIC25: =$C25*$E25/6 -> 30.791667 | AID25: =$C25*$E25/6 -> 30.791667 | AIE25: =$C25*$E25/6 -> 30.791667 | AIF25: =$C25*$E25/6 -> 30.791667 | AIG25: =$C25*$E25/6 -> 30.791667 | AIH25: =$C25*$E25/6 -> 30.791667 | AII25: =$C25*$E25/6 -> 30.791667 | AIJ25: =$C25*$E25/6 -> 30.791667 | ... AKX25: =$C25*$E25/6 -> 30.791667
B26: 265007 | C26: 浦郷 配管支持金具 7/10 | D26: 製作中 | E26: 1.377ｔ 176SET | F26: 日鉄ｴﾝｼﾞ | AFV26: 図面受領 | AHN26: 質疑待ち | AHU26: 型鋼入 | AHY26: 切板 | AIA26: 切断 | AIB26: 切断 | AIC26: 切断孔明 | AIF26: 切断孔明 | AIG26: 罫書 | AIH26: 罫書 | AII26: 罫書開孔 | AIJ26: 罫書開孔 | AIK26: 組立溶接 | AIM26: 組立溶接 | AIN26: 組立溶接 | AIO26: 合メ入① | AIP26: 歪取仕上 | AIQ26: 合メ入② | AIT26: 合金メキ | AIU26: メキ引① | AIV26: 補修寸法 | AIW26: 補修寸法 | AIX26: メキ引② | AJA26: 補修寸法 | AJB26: 補修寸法 | AJC26: 補修寸法 | AJD26: 梱包 | AJE26: 出荷? | AJF26: 出荷? | AJH26: 納入
A27: 過去平均 | C27: 組立前 | D27: =SUM(I27:AIK27) -> 168 | E27: =SUM(D27/G27) -> #DIV/0! | H27: =SUM(I27:AMI27) -> 168 | AHZ27: 1 | AIA27: 7 | AIC27: 16 | AID27: 8 | AIF27: 46 | AIG27: 45 | AIH27: 21 | AII27: 20 | AIJ27: 4 | AIL27: =INDEX([1]集計!$G:$AK,MATCH($B26,[1]集計!$A$1:$A$945,0)+0,MATCH(AIL$152,[1]集計!$G$2:$AK$2,0)) | AIM27: =INDEX([1]集計!$G:$AK,MATCH($B26,[1]集計!$A$1:$A$945,0)+0,MATCH(AIM$152,[1]集計!$G$2:$AK$2,0)) | AIN27: =INDEX([1]集計!$G:$AK,MATCH($B26,[1]集計!$A$1:$A$945,0)+0,MATCH(AIN$152,[1]集計!$G$2:$AK$2,0)) | AIO27: =INDEX([1]集計!$G:$AK,MATCH($B26,[1]集計!$A$1:$A$945,0)+0,MATCH(AIO$152,[1]集計!$G$2:$AK$2,0)) | AIP27: =INDEX([1]集計!$G:$AK,MATCH($B26,[1]集計!$A$1:$A$945,0)+0,MATCH(AIP$152,[1]集計!$G$2:$AK$2,0)) | AIQ27: =INDEX([1]集計!$G:$AK,MATCH($B26,[1]集計!$A$1:$A$945,0)+0,MATCH(AIQ$152,[1]集計!$G$2:$AK$2,0)) | AIR27: =INDEX([1]集計!$G:$AK,MATCH($B26,[1]集計!$A$1:$A$945,0)+0,MATCH(AIR$152,[1]集計!$G$2:$AK$2,0)) | AIS27: =INDEX([1]集計!$G:$AK,MATCH($B26,[1]集計!$A$1:$A$945,0)+0,MATCH(AIS$152,[1]集計!$G$2:$AK$2,0)) | ... AIU27: =INDEX([1]集計!$G:$AK,MATCH($B26,[1]集計!$A$1:$A$945,0)+0,MATCH(AIU$152,[1]集計!$G$2:$AK$2,0))
A28: 製造予定 | B28: 350 | C28: 組立 | D28: =SUM(I28:AIK28) -> 30 | E28: =SUM(D28/G28) -> #DIV/0! | H28: =SUM(I28:AMI28) -> 34 | AIG28: 2 | AIH28: 8 | AII28: 10 | AIJ28: 5 | AIK28: 5 | AIL28: =INDEX([1]集計!$G:$AK,MATCH($B26,[1]集計!$A$1:$A$945,0)+1,MATCH(AIL$152,[1]集計!$G$2:$AK$2,0)) | AIM28: =INDEX([1]集計!$G:$AK,MATCH($B26,[1]集計!$A$1:$A$945,0)+1,MATCH(AIM$152,[1]集計!$G$2:$AK$2,0)) -> 4 | AIN28: =INDEX([1]集計!$G:$AK,MATCH($B26,[1]集計!$A$1:$A$945,0)+1,MATCH(AIN$152,[1]集計!$G$2:$AK$2,0)) | AIO28: =INDEX([1]集計!$G:$AK,MATCH($B26,[1]集計!$A$1:$A$945,0)+1,MATCH(AIO$152,[1]集計!$G$2:$AK$2,0)) | AIP28: =INDEX([1]集計!$G:$AK,MATCH($B26,[1]集計!$A$1:$A$945,0)+1,MATCH(AIP$152,[1]集計!$G$2:$AK$2,0)) | AIQ28: =INDEX([1]集計!$G:$AK,MATCH($B26,[1]集計!$A$1:$A$945,0)+1,MATCH(AIQ$152,[1]集計!$G$2:$AK$2,0)) | AIR28: =INDEX([1]集計!$G:$AK,MATCH($B26,[1]集計!$A$1:$A$945,0)+1,MATCH(AIR$152,[1]集計!$G$2:$AK$2,0)) | AIS28: =INDEX([1]集計!$G:$AK,MATCH($B26,[1]集計!$A$1:$A$945,0)+1,MATCH(AIS$152,[1]集計!$G$2:$AK$2,0)) | ... AIU28: =INDEX([1]集計!$G:$AK,MATCH($B26,[1]集計!$A$1:$A$945,0)+1,MATCH(AIU$152,[1]集計!$G$2:$AK$2,0))
A29: 営業予定 | B29: 246 | C29: 溶接 | D29: =SUM(I29:AIK29) -> 25 | E29: =SUM(D29/G29) -> #DIV/0! | H29: =SUM(I29:AMI29) -> 43 | AII29: 9 | AIJ29: 16 | AIL29: =INDEX([1]集計!$G:$AK,MATCH($B26,[1]集計!$A$1:$A$945,0)+2,MATCH(AIL$152,[1]集計!$G$2:$AK$2,0)) | AIM29: =INDEX([1]集計!$G:$AK,MATCH($B26,[1]集計!$A$1:$A$945,0)+2,MATCH(AIM$152,[1]集計!$G$2:$AK$2,0)) -> 2 | AIN29: =INDEX([1]集計!$G:$AK,MATCH($B26,[1]集計!$A$1:$A$945,0)+2,MATCH(AIN$152,[1]集計!$G$2:$AK$2,0)) -> 16 | AIO29: =INDEX([1]集計!$G:$AK,MATCH($B26,[1]集計!$A$1:$A$945,0)+2,MATCH(AIO$152,[1]集計!$G$2:$AK$2,0)) | AIP29: =INDEX([1]集計!$G:$AK,MATCH($B26,[1]集計!$A$1:$A$945,0)+2,MATCH(AIP$152,[1]集計!$G$2:$AK$2,0)) | AIQ29: =INDEX([1]集計!$G:$AK,MATCH($B26,[1]集計!$A$1:$A$945,0)+2,MATCH(AIQ$152,[1]集計!$G$2:$AK$2,0)) | AIR29: =INDEX([1]集計!$G:$AK,MATCH($B26,[1]集計!$A$1:$A$945,0)+2,MATCH(AIR$152,[1]集計!$G$2:$AK$2,0)) | AIS29: =INDEX([1]集計!$G:$AK,MATCH($B26,[1]集計!$A$1:$A$945,0)+2,MATCH(AIS$152,[1]集計!$G$2:$AK$2,0)) | ... AIU29: =INDEX([1]集計!$G:$AK,MATCH($B26,[1]集計!$A$1:$A$945,0)+2,MATCH(AIU$152,[1]集計!$G$2:$AK$2,0))
B30: 実数時間 | C30: 歪取り | D30: =SUM(I30:AIK30) -> 0 | E30: =SUM(D30/G30) -> #DIV/0! | H30: =SUM(I30:AMI30) -> 0 | AIL30: =INDEX([1]集計!$G:$AK,MATCH($B26,[1]集計!$A$1:$A$945,0)+3,MATCH(AIL$152,[1]集計!$G$2:$AK$2,0)) | AIM30: =INDEX([1]集計!$G:$AK,MATCH($B26,[1]集計!$A$1:$A$945,0)+3,MATCH(AIM$152,[1]集計!$G$2:$AK$2,0)) | AIN30: =INDEX([1]集計!$G:$AK,MATCH($B26,[1]集計!$A$1:$A$945,0)+3,MATCH(AIN$152,[1]集計!$G$2:$AK$2,0)) | AIO30: =INDEX([1]集計!$G:$AK,MATCH($B26,[1]集計!$A$1:$A$945,0)+3,MATCH(AIO$152,[1]集計!$G$2:$AK$2,0)) | AIP30: =INDEX([1]集計!$G:$AK,MATCH($B26,[1]集計!$A$1:$A$945,0)+3,MATCH(AIP$152,[1]集計!$G$2:$AK$2,0)) | AIQ30: =INDEX([1]集計!$G:$AK,MATCH($B26,[1]集計!$A$1:$A$945,0)+3,MATCH(AIQ$152,[1]集計!$G$2:$AK$2,0)) | AIR30: =INDEX([1]集計!$G:$AK,MATCH($B26,[1]集計!$A$1:$A$945,0)+3,MATCH(AIR$152,[1]集計!$G$2:$AK$2,0)) | AIS30: =INDEX([1]集計!$G:$AK,MATCH($B26,[1]集計!$A$1:$A$945,0)+3,MATCH(AIS$152,[1]集計!$G$2:$AK$2,0)) | ... AIU30: =INDEX([1]集計!$G:$AK,MATCH($B26,[1]集計!$A$1:$A$945,0)+3,MATCH(AIU$152,[1]集計!$G$2:$AK$2,0))
B31: =D33 -> 223 | C31: 塗装 | D31: =SUM(I31:AIK31) -> 0 | E31: =SUM(D31/G31) -> #DIV/0! | H31: =SUM(I31:AMI31) -> 0 | AIL31: =INDEX([1]集計!$G:$AK,MATCH($B26,[1]集計!$A$1:$A$945,0)+4,MATCH(AIL$152,[1]集計!$G$2:$AK$2,0)) | AIM31: =INDEX([1]集計!$G:$AK,MATCH($B26,[1]集計!$A$1:$A$945,0)+4,MATCH(AIM$152,[1]集計!$G$2:$AK$2,0)) | AIN31: =INDEX([1]集計!$G:$AK,MATCH($B26,[1]集計!$A$1:$A$945,0)+4,MATCH(AIN$152,[1]集計!$G$2:$AK$2,0)) | AIO31: =INDEX([1]集計!$G:$AK,MATCH($B26,[1]集計!$A$1:$A$945,0)+4,MATCH(AIO$152,[1]集計!$G$2:$AK$2,0)) | AIP31: =INDEX([1]集計!$G:$AK,MATCH($B26,[1]集計!$A$1:$A$945,0)+4,MATCH(AIP$152,[1]集計!$G$2:$AK$2,0)) | AIQ31: =INDEX([1]集計!$G:$AK,MATCH($B26,[1]集計!$A$1:$A$945,0)+4,MATCH(AIQ$152,[1]集計!$G$2:$AK$2,0)) | AIR31: =INDEX([1]集計!$G:$AK,MATCH($B26,[1]集計!$A$1:$A$945,0)+4,MATCH(AIR$152,[1]集計!$G$2:$AK$2,0)) | AIS31: =INDEX([1]集計!$G:$AK,MATCH($B26,[1]集計!$A$1:$A$945,0)+4,MATCH(AIS$152,[1]集計!$G$2:$AK$2,0)) | ... AIU31: =INDEX([1]集計!$G:$AK,MATCH($B26,[1]集計!$A$1:$A$945,0)+4,MATCH(AIU$152,[1]集計!$G$2:$AK$2,0))
A32: 目標比率 | B32: =SUM(B31/(B27*E34/100)) -> #DIV/0! | C32: 仕上げ | D32: =SUM(I32:AIK32) -> 0 | E32: =SUM(D32/G32) -> #DIV/0! | H32: =SUM(I32:AMI32) -> 7 | AIL32: =INDEX([1]集計!$G:$AK,MATCH($B26,[1]集計!$A$1:$A$945,0)+5,MATCH(AIL$152,[1]集計!$G$2:$AK$2,0)) | AIM32: =INDEX([1]集計!$G:$AK,MATCH($B26,[1]集計!$A$1:$A$945,0)+5,MATCH(AIM$152,[1]集計!$G$2:$AK$2,0)) | AIN32: =INDEX([1]集計!$G:$AK,MATCH($B26,[1]集計!$A$1:$A$945,0)+5,MATCH(AIN$152,[1]集計!$G$2:$AK$2,0)) | AIO32: =INDEX([1]集計!$G:$AK,MATCH($B26,[1]集計!$A$1:$A$945,0)+5,MATCH(AIO$152,[1]集計!$G$2:$AK$2,0)) | AIP32: =INDEX([1]集計!$G:$AK,MATCH($B26,[1]集計!$A$1:$A$945,0)+5,MATCH(AIP$152,[1]集計!$G$2:$AK$2,0)) | AIQ32: =INDEX([1]集計!$G:$AK,MATCH($B26,[1]集計!$A$1:$A$945,0)+5,MATCH(AIQ$152,[1]集計!$G$2:$AK$2,0)) | AIR32: =INDEX([1]集計!$G:$AK,MATCH($B26,[1]集計!$A$1:$A$945,0)+5,MATCH(AIR$152,[1]集計!$G$2:$AK$2,0)) | AIS32: =INDEX([1]集計!$G:$AK,MATCH($B26,[1]集計!$A$1:$A$945,0)+5,MATCH(AIS$152,[1]集計!$G$2:$AK$2,0)) | ... AIU32: =INDEX([1]集計!$G:$AK,MATCH($B26,[1]集計!$A$1:$A$945,0)+5,MATCH(AIU$152,[1]集計!$G$2:$AK$2,0)) | AIV32: 1 | AIW32: 1 | AIX32: 1 | AJA32: 1 | AJB32: 1 | AJC32: 1 | AJD32: 1
A33: 目標比率 | B33: =SUM(B31/(B28*E34/100)) -> 1.0619048 | C33: 小計 | D33: =SUM(D27:D32) -> 223 | E33: 1.377 | H33: =SUM(H27:H32) -> 252 | AHG33: =SUM(AHG27:AHG32) -> 0 | AHH33: =SUM(AHH27:AHH32) -> 0 | AHI33: =SUM(AHI27:AHI32) -> 0 | AHJ33: =SUM(AHJ27:AHJ32) -> 0 | AHK33: =SUM(AHK27:AHK32) -> 0 | AHL33: =SUM(AHL27:AHL32) -> 0 | AHM33: =SUM(AHM27:AHM32) -> 0 | AHN33: =SUM(AHN27:AHN32) -> 0 | ... AIO33: =SUM(AIO27:AIO32) -> 0
A34: 目標比率 | B34: =SUM(B31/(B29*E34/100)) -> 1.5108401 | C34: =SUM(B31/(E33*E34/100)) -> 269.91043 | D34: H | E34: 60 | F34: 1.3 | AHG34: 組前 | AHI34: =SUM(AHG27:AIK27) -> 168 | AHK34: 組立 | AHM34: =SUM(AHG28:AIK28) -> 30 | AHO34: 溶接 | AHQ34: =SUM(AHG29:AIK29) -> 25 | AHS34: 歪取 | AHU34: =SUM(AHG30:AIK30) -> 0 | AHW34: 塗装 | AHY34: =SUM(AHG31:AIK31) -> 0 | AIA34: 仕上 | AIC34: =SUM(AHG32:AIK32) -> 0 | AIE34: 合計 | AIG34: =SUM(AHG33:AIK33) -> 223
B35: 面積 | C35: 10 | E35: 2.5 | F35: 3 | G35: 3.5 | H35: 4 | AHU35: =$C35*$E35 -> 25 | AHV35: =$C35*$E35 -> 25 | AHW35: =$C35*$E35 -> 25 | AHX35: =$C35*$E35 -> 25 | AHY35: =$C35*$E35 -> 25 | AHZ35: =$C35*$E35 -> 25 | AIA35: =$C35*$E35 -> 25 | AIB35: =$C35*$E35 -> 25 | ... AIQ35: =$C35*$E35 -> 25 | AIV35: =$C35*$E35 -> 25 | AIW35: =$C35*$E35 -> 25 | AIX35: =$C35*$E35 -> 25 | AIY35: =$C35*$E35 -> 25 | AIZ35: =$C35*$E35 -> 25 | AJA35: =$C35*$E35 -> 25 | AJB35: =$C35*$E35 -> 25 | AJC35: =$C35*$E35 -> 25 | ... AJF35: =$C35*$E35 -> 25
B36: 266004 | C36: 浦郷 配管支持金具292個メッキのみ 8/14 | D36: メッキ中 | E36: 2.36ｔ 292SET 合金メッキ | F36: 日鉄ｴﾝｼﾞ | AIV36: 部材メ入 | AIW36: 合金メキ | AIX36: 合金メキ | AJA36: 合金メキ | AJB36: 合金メキ | AJC36: 合金メキ | AJD36: 合金メキ | AJE36: 合金メキ | AJF36: 合金メキ | AJH36: 合金メキ | AJI36: 合金メキ | AJJ36: 合金メキ | AJK36: 合金メキ | AJL36: 合金メキ | AJP36: 合金メキ | AJQ36: 合金メキ | AJR36: 合金メキ | AJS36: 合金メキ | AJV36: 合金メキ | AJW36: 合金メキ | AJX36: 合金メキ | AJY36: 出荷？ | AJZ36: 着予定 | AKN36: 納期
B37: 257021 | C37: 丁野橋上りA1A2 9/14 9/25 | D37: 製作中 | E37: 16.411ｔ | F37: IHI建 | AEG37: 出図 | AEP37: 原寸開始 | AFX37: リスト予 | AGP37: 継手孔変更待ち | AHA37: 塗料抜取 | AHF37: 切板予定 | AHG37: 罫書 | AHH37: 切断開先 | AHK37: 切断削り | AHL37: 切断板継 | AHM37: 削り逆歪 | AHN37: セット | AHO37: セト箱組 | AHR37: 箱組 | AHS37: 箱組 | AHT37: 箱組W | AHU37: 箱組W | AHV37: 箱WF組 | AHY37: 箱WF組 | AHZ37: FW | AIA37: FW | AIB37: FW | AIC37: FWRW | AIF37: FWRW | AIG37: FWRW | AIH37: RW | AII37: RW | AIJ37: RW | AIK37: RW | AIM37: RW | AIN37: RW | AIO37: RW | AIV37: スタッド | AIW37: 歪取 | AIX37: 歪取 | AIY37: 歪取 | AJA37: 櫛歪 | AJB37: 櫛歪地覆 | AJC37: 櫛歪地覆 | AJD37: 地覆組W | AJE37: 地覆W | AJF37: 地覆W | AJH37: セット | AJI37: セット | AJJ37: 仕上げ | AJK37: セット | AJL37: セット | AJP37: 仕上げ | AJQ37: 仕上げ | AJR37: 塗前検査 | AJS37: 塗前検査 | AJV37: ブラスト | AJW37: ブラスト | AJX37: 戻り | AJY37: 塗装 | AJZ37: 塗装 | AKC37: 塗装 | AKD37: 塗装 | AKE37: 塗装 | AKF37: 塗装 | AKG37: ミシール | AKH37: ミシール | AKJ37: 圧縮 | AKQ37: 仕上げ | AKR37: 仕上げ | AKS37: 仕上げ | AKT37: 仕上げ | AKU37: 仕上げ | AKX37: 仕上げ | AKY37: 仕上げ | AKZ37: 仕上げ | ALA37: 完成検？ | ALB37: 完成検？ | ALP37: A2出荷 | ALS37: A2現予 | AMC37: A1出荷 | AMD37: A1現予
A38: 過去平均 | B38: =G44 -> 672.63519 | C38: 組立前 | D38: =SUM(I38:AIK38) -> 193 | E38: =SUM(D38/G38) -> 1.0951571 | G38: =G44*0.262 -> 176.23042 | H38: =SUM(I38:AMI38) -> 193 | AHF38: 6 | AHG38: 28 | AHH38: 36 | AHK38: 36 | AHL38: 30 | AHM38: 25 | AHN38: 6 | AHR38: 4 | AHS38: 3 | AHY38: 8 | AHZ38: 10 | AIA38: 1 | AIL38: =INDEX([1]集計!$G:$AK,MATCH($B37,[1]集計!$A$1:$A$945,0)+0,MATCH(AIL$152,[1]集計!$G$2:$AK$2,0)) | AIM38: =INDEX([1]集計!$G:$AK,MATCH($B37,[1]集計!$A$1:$A$945,0)+0,MATCH(AIM$152,[1]集計!$G$2:$AK$2,0)) | AIN38: =INDEX([1]集計!$G:$AK,MATCH($B37,[1]集計!$A$1:$A$945,0)+0,MATCH(AIN$152,[1]集計!$G$2:$AK$2,0)) | AIO38: =INDEX([1]集計!$G:$AK,MATCH($B37,[1]集計!$A$1:$A$945,0)+0,MATCH(AIO$152,[1]集計!$G$2:$AK$2,0)) | AIP38: =INDEX([1]集計!$G:$AK,MATCH($B37,[1]集計!$A$1:$A$945,0)+0,MATCH(AIP$152,[1]集計!$G$2:$AK$2,0)) | AIQ38: =INDEX([1]集計!$G:$AK,MATCH($B37,[1]集計!$A$1:$A$945,0)+0,MATCH(AIQ$152,[1]集計!$G$2:$AK$2,0)) | AIR38: =INDEX([1]集計!$G:$AK,MATCH($B37,[1]集計!$A$1:$A$945,0)+0,MATCH(AIR$152,[1]集計!$G$2:$AK$2,0)) | AIS38: =INDEX([1]集計!$G:$AK,MATCH($B37,[1]集計!$A$1:$A$945,0)+0,MATCH(AIS$152,[1]集計!$G$2:$AK$2,0)) | ... AIU38: =INDEX([1]集計!$G:$AK,MATCH($B37,[1]集計!$A$1:$A$945,0)+0,MATCH(AIU$152,[1]集計!$G$2:$AK$2,0))
A39: 製造予定 | B39: 960 | C39: 組立 | D39: =SUM(I39:AIK39) -> 72 | E39: =SUM(D39/G39) -> 1.0098272 | G39: =G44*0.106 -> 71.29933 | H39: =SUM(I39:AMI39) -> 72 | AHL39: 4 | AHN39: 8 | AHO39: 14 | AHR39: 8 | AHS39: 8 | AHT39: 8 | AHU39: 8 | AHV39: 6 | AHY39: 2 | AHZ39: 3 | AIG39: 3 | AIL39: =INDEX([1]集計!$G:$AK,MATCH($B37,[1]集計!$A$1:$A$945,0)+1,MATCH(AIL$152,[1]集計!$G$2:$AK$2,0)) | AIM39: =INDEX([1]集計!$G:$AK,MATCH($B37,[1]集計!$A$1:$A$945,0)+1,MATCH(AIM$152,[1]集計!$G$2:$AK$2,0)) | AIN39: =INDEX([1]集計!$G:$AK,MATCH($B37,[1]集計!$A$1:$A$945,0)+1,MATCH(AIN$152,[1]集計!$G$2:$AK$2,0)) | AIO39: =INDEX([1]集計!$G:$AK,MATCH($B37,[1]集計!$A$1:$A$945,0)+1,MATCH(AIO$152,[1]集計!$G$2:$AK$2,0)) | AIP39: =INDEX([1]集計!$G:$AK,MATCH($B37,[1]集計!$A$1:$A$945,0)+1,MATCH(AIP$152,[1]集計!$G$2:$AK$2,0)) | AIQ39: =INDEX([1]集計!$G:$AK,MATCH($B37,[1]集計!$A$1:$A$945,0)+1,MATCH(AIQ$152,[1]集計!$G$2:$AK$2,0)) | AIR39: =INDEX([1]集計!$G:$AK,MATCH($B37,[1]集計!$A$1:$A$945,0)+1,MATCH(AIR$152,[1]集計!$G$2:$AK$2,0)) | AIS39: =INDEX([1]集計!$G:$AK,MATCH($B37,[1]集計!$A$1:$A$945,0)+1,MATCH(AIS$152,[1]集計!$G$2:$AK$2,0)) | ... AIU39: =INDEX([1]集計!$G:$AK,MATCH($B37,[1]集計!$A$1:$A$945,0)+1,MATCH(AIU$152,[1]集計!$G$2:$AK$2,0))
A40: 営業予定 | B40: 718 | C40: 溶接 | D40: =SUM(I40:AIK40) -> 236 | E40: =SUM(D40/G40) -> 1.0504756 | G40: =G44*0.334 -> 224.66015 | H40: =SUM(I40:AMI40) -> 277 | AHL40: 10 | AHN40: 1 | AHO40: 6 | AHS40: 9 | AHT40: 20 | AHU40: 15 | AHV40: 32 | AHY40: 32 | AHZ40: 22 | AIA40: 21 | AIB40: 8 | AIC40: 8 | AIF40: 10 | AIG40: 10 | AIH40: 8 | AII40: 10 | AIJ40: 10 | AIK40: 4 | AIL40: =INDEX([1]集計!$G:$AK,MATCH($B37,[1]集計!$A$1:$A$945,0)+2,MATCH(AIL$152,[1]集計!$G$2:$AK$2,0)) | AIM40: =INDEX([1]集計!$G:$AK,MATCH($B37,[1]集計!$A$1:$A$945,0)+2,MATCH(AIM$152,[1]集計!$G$2:$AK$2,0)) -> 10 | AIN40: =INDEX([1]集計!$G:$AK,MATCH($B37,[1]集計!$A$1:$A$945,0)+2,MATCH(AIN$152,[1]集計!$G$2:$AK$2,0)) -> 10 | AIO40: =INDEX([1]集計!$G:$AK,MATCH($B37,[1]集計!$A$1:$A$945,0)+2,MATCH(AIO$152,[1]集計!$G$2:$AK$2,0)) -> 8 | AIP40: =INDEX([1]集計!$G:$AK,MATCH($B37,[1]集計!$A$1:$A$945,0)+2,MATCH(AIP$152,[1]集計!$G$2:$AK$2,0)) -> 1 | AIQ40: =INDEX([1]集計!$G:$AK,MATCH($B37,[1]集計!$A$1:$A$945,0)+2,MATCH(AIQ$152,[1]集計!$G$2:$AK$2,0)) | AIR40: =INDEX([1]集計!$G:$AK,MATCH($B37,[1]集計!$A$1:$A$945,0)+2,MATCH(AIR$152,[1]集計!$G$2:$AK$2,0)) | AIS40: =INDEX([1]集計!$G:$AK,MATCH($B37,[1]集計!$A$1:$A$945,0)+2,MATCH(AIS$152,[1]集計!$G$2:$AK$2,0)) | ... AIU40: =INDEX([1]集計!$G:$AK,MATCH($B37,[1]集計!$A$1:$A$945,0)+2,MATCH(AIU$152,[1]集計!$G$2:$AK$2,0)) | AIV40: 0 | AJA40: 6 | AJB40: 6 | AJC40: 0 | AJP40: 0 | AJQ40: 0 | AJR40: 0 | AJS40: 0 | AJV40: 0 | AJW40: 0 | AJX40: 0 | AJY40: 0 | AJZ40: 0 | AKC40: 0 | AKD40: 0 | AKE40: 0 | AKF40: 0 | AKG40: 0 | AKH40: 0 | AKJ40: 0
B41: 実数時間 | C41: 歪取り | D41: =SUM(I41:AIK41) -> 20 | E41: =SUM(D41/G41) -> 0.44378805 | G41: =G44*0.067 -> 45.066558 | H41: =SUM(I41:AMI41) -> 31.510165 | AHL41: 4 | AHM41: 8 | AHN41: 8 | AIL41: =INDEX([1]集計!$G:$AK,MATCH($B37,[1]集計!$A$1:$A$945,0)+3,MATCH(AIL$152,[1]集計!$G$2:$AK$2,0)) | AIM41: =INDEX([1]集計!$G:$AK,MATCH($B37,[1]集計!$A$1:$A$945,0)+3,MATCH(AIM$152,[1]集計!$G$2:$AK$2,0)) | AIN41: =INDEX([1]集計!$G:$AK,MATCH($B37,[1]集計!$A$1:$A$945,0)+3,MATCH(AIN$152,[1]集計!$G$2:$AK$2,0)) | AIO41: =INDEX([1]集計!$G:$AK,MATCH($B37,[1]集計!$A$1:$A$945,0)+3,MATCH(AIO$152,[1]集計!$G$2:$AK$2,0)) | AIP41: =INDEX([1]集計!$G:$AK,MATCH($B37,[1]集計!$A$1:$A$945,0)+3,MATCH(AIP$152,[1]集計!$G$2:$AK$2,0)) | AIQ41: =INDEX([1]集計!$G:$AK,MATCH($B37,[1]集計!$A$1:$A$945,0)+3,MATCH(AIQ$152,[1]集計!$G$2:$AK$2,0)) | AIR41: =INDEX([1]集計!$G:$AK,MATCH($B37,[1]集計!$A$1:$A$945,0)+3,MATCH(AIR$152,[1]集計!$G$2:$AK$2,0)) | AIS41: =INDEX([1]集計!$G:$AK,MATCH($B37,[1]集計!$A$1:$A$945,0)+3,MATCH(AIS$152,[1]集計!$G$2:$AK$2,0)) | ... AIU41: =INDEX([1]集計!$G:$AK,MATCH($B37,[1]集計!$A$1:$A$945,0)+3,MATCH(AIU$152,[1]集計!$G$2:$AK$2,0)) | AIV41: 4.6040658 | AIW41: 4.6040658 | AIX41: 2.3020329 | AJA41: 0 | AJB41: 0 | AJC41: 0 | AJP41: 0 | AJQ41: 0 | AJR41: 0 | AJS41: 0 | AJV41: 0 | AJW41: 0 | AJX41: 0 | AJY41: 0 | AJZ41: 0 | AKC41: 0 | AKD41: 0 | AKE41: 0 | AKF41: 0 | AKG41: 0 | AKH41: 0 | AKJ41: 0
B42: =D44 -> 524 | C42: 塗装 | D42: =SUM(I42:AIK42) -> 0 | E42: =SUM(D42/G42) -> 0 | G42: =G44*0.056 -> 37.667571 | H42: =SUM(I42:AMI42) -> 38.481744 | AIL42: =INDEX([1]集計!$G:$AK,MATCH($B37,[1]集計!$A$1:$A$945,0)+4,MATCH(AIL$152,[1]集計!$G$2:$AK$2,0)) | AIM42: =INDEX([1]集計!$G:$AK,MATCH($B37,[1]集計!$A$1:$A$945,0)+4,MATCH(AIM$152,[1]集計!$G$2:$AK$2,0)) | AIN42: =INDEX([1]集計!$G:$AK,MATCH($B37,[1]集計!$A$1:$A$945,0)+4,MATCH(AIN$152,[1]集計!$G$2:$AK$2,0)) | AIO42: =INDEX([1]集計!$G:$AK,MATCH($B37,[1]集計!$A$1:$A$945,0)+4,MATCH(AIO$152,[1]集計!$G$2:$AK$2,0)) | AIP42: =INDEX([1]集計!$G:$AK,MATCH($B37,[1]集計!$A$1:$A$945,0)+4,MATCH(AIP$152,[1]集計!$G$2:$AK$2,0)) | AIQ42: =INDEX([1]集計!$G:$AK,MATCH($B37,[1]集計!$A$1:$A$945,0)+4,MATCH(AIQ$152,[1]集計!$G$2:$AK$2,0)) | AIR42: =INDEX([1]集計!$G:$AK,MATCH($B37,[1]集計!$A$1:$A$945,0)+4,MATCH(AIR$152,[1]集計!$G$2:$AK$2,0)) | AIS42: =INDEX([1]集計!$G:$AK,MATCH($B37,[1]集計!$A$1:$A$945,0)+4,MATCH(AIS$152,[1]集計!$G$2:$AK$2,0)) | ... AIU42: =INDEX([1]集計!$G:$AK,MATCH($B37,[1]集計!$A$1:$A$945,0)+4,MATCH(AIU$152,[1]集計!$G$2:$AK$2,0)) | AIV42: 0 | AIW42: 0 | AIX42: 0 | AJA42: 0 | AJB42: 0 | AJC42: 0 | AJQ42: 7.6963488 | AJR42: 7.6963488 | AJS42: 7.6963488 | AJV42: 4.6178093 | AJW42: 5.0026267 | AJX42: 1.9240872 | AJY42: 0 | AJZ42: 0 | AKC42: 0 | AKD42: 0 | AKE42: 0 | AKF42: 3.8481744 | AKG42: 0 | AKH42: 0 | AKJ42: 0
A43: 目標比率 | B43: =SUM(B42/(B38*E45/100)) -> 1.4164101 | C43: 仕上げ | D43: =SUM(I43:AIK43) -> 3 | E43: =SUM(D43/G43) -> 0.025486114 | G43: =G44*0.175 -> 117.71116 | H43: =SUM(I43:AMI43) -> 112.67621 | AIB43: 3 | AIL43: =INDEX([1]集計!$G:$AK,MATCH($B37,[1]集計!$A$1:$A$945,0)+5,MATCH(AIL$152,[1]集計!$G$2:$AK$2,0)) | AIM43: =INDEX([1]集計!$G:$AK,MATCH($B37,[1]集計!$A$1:$A$945,0)+5,MATCH(AIM$152,[1]集計!$G$2:$AK$2,0)) | AIN43: =INDEX([1]集計!$G:$AK,MATCH($B37,[1]集計!$A$1:$A$945,0)+5,MATCH(AIN$152,[1]集計!$G$2:$AK$2,0)) | AIO43: =INDEX([1]集計!$G:$AK,MATCH($B37,[1]集計!$A$1:$A$945,0)+5,MATCH(AIO$152,[1]集計!$G$2:$AK$2,0)) | AIP43: =INDEX([1]集計!$G:$AK,MATCH($B37,[1]集計!$A$1:$A$945,0)+5,MATCH(AIP$152,[1]集計!$G$2:$AK$2,0)) -> 2 | AIQ43: =INDEX([1]集計!$G:$AK,MATCH($B37,[1]集計!$A$1:$A$945,0)+5,MATCH(AIQ$152,[1]集計!$G$2:$AK$2,0)) | AIR43: =INDEX([1]集計!$G:$AK,MATCH($B37,[1]集計!$A$1:$A$945,0)+5,MATCH(AIR$152,[1]集計!$G$2:$AK$2,0)) | AIS43: =INDEX([1]集計!$G:$AK,MATCH($B37,[1]集計!$A$1:$A$945,0)+5,MATCH(AIS$152,[1]集計!$G$2:$AK$2,0)) | ... AIU43: =INDEX([1]集計!$G:$AK,MATCH($B37,[1]集計!$A$1:$A$945,0)+5,MATCH(AIU$152,[1]集計!$G$2:$AK$2,0)) | AIV43: 5.9784138 | AIW43: 5.9784138 | AIX43: 5.9784138 | AJA43: 2 | AJB43: 2 | AJC43: 2 | AJD43: 2 | AJE43: 2 | AJF43: 2 | AJH43: 2 | AJI43: 2 | AJJ43: 2 | AJP43: 5.9784138 | AJQ43: 0 | AJR43: 0 | AJS43: 5.9784138 | AJV43: 0 | AJW43: 5.9784138 | AJX43: 5.9784138 | AJY43: 5.9784138 | AJZ43: 5.9784138 | AKC43: 5.9784138 | AKD43: 5.9784138 | AKE43: 0 | AKF43: 5.9784138 | AKG43: 5.9784138 | AKH43: 5.9784138 | AKJ43: 5.9784138
A44: 目標比率 | B44: =SUM(B42/(B39*E45/100)) -> 0.99242424 | C44: 小計 | D44: =SUM(D38:D43) -> 524 | E44: 16.411 | G44: =((E44/F45*1000)*-0.0107+47.419)*E44 -> 672.63519 | H44: =SUM(H38:H43) -> 724.66812 | AGC44: =SUM(AGC38:AGC43) -> 0 | AGD44: =SUM(AGD38:AGD43) -> 0 | AGE44: =SUM(AGE38:AGE43) -> 0 | AGF44: =SUM(AGF38:AGF43) -> 0 | AGG44: =SUM(AGG38:AGG43) -> 0 | AGH44: =SUM(AGH38:AGH43) -> 0 | AGI44: =SUM(AGI38:AGI43) -> 0 | AGJ44: =SUM(AGJ38:AGJ43) -> 0 | ... AIO44: =SUM(AIO38:AIO43) -> 8
A45: 目標比率 | B45: =SUM(B42/(B40*E45/100)) -> 1.3269182 | C45: =SUM(B42/(E44*E45/100)) -> 58.054188 | D45: H | E45: 55 | F45: 27.3 | AGC45: 組前 | AGE45: =SUM(AGC38:AHF38) -> 6 | AGG45: 組立 | AGI45: =SUM(AGC39:AHF39) -> 0 | AGK45: 溶接 | AGM45: =SUM(AGC40:AHF40) -> 0 | AGO45: 歪取 | AGQ45: =SUM(AGC41:AHF41) -> 0 | AGS45: 塗装 | AGU45: =SUM(AGC42:AHF42) -> 0 | AGW45: 仕上 | AGY45: =SUM(AGC43:AHF43) -> 0 | AHA45: 合計 | AHC45: =SUM(AGC44:AHF44) -> 6 | AHG45: 組前 | AHI45: =SUM(AHG38:AIK38) -> 187 | AHK45: 組立 | AHM45: =SUM(AHG39:AIK39) -> 72 | AHO45: 溶接 | AHQ45: =SUM(AHG40:AIK40) -> 236 | AHS45: 歪取 | AHU45: =SUM(AHG41:AIK41) -> 20 | AHW45: 塗装 | AHY45: =SUM(AHG42:AIK42) -> 0 | AIA45: 仕上 | AIC45: =SUM(AHG43:AIK43) -> 3 | AIE45: 合計 | AIG45: =SUM(AHG44:AIK44) -> 518
B46: 面積 | C46: 29.2 | E46: 2.5 | F46: 3 | G46: 3.5 | H46: 4 | AHF46: =$C46*$E46 -> 73 | AHG46: =$C46*$E46 -> 73 | AHH46: =$C46*$E46 -> 73 | AHI46: =$C46*$E46 -> 73 | AHJ46: =$C46*$E46 -> 73 | AHK46: =$C46*$E46 -> 73 | AHL46: =$C46*$E46 -> 73 | AHM46: =$C46*$E46 -> 73 | ... AHX46: =$C46*$E46 -> 73 | AHY46: =$C46*$F46 -> 87.6 | AHZ46: =$C46*$F46 -> 87.6 | AIA46: =$C46*$F46 -> 87.6 | AIB46: =$C46*$F46 -> 87.6 | AIC46: =$C46*$F46 -> 87.6 | AID46: =$C46*$F46 -> 87.6 | AIE46: =$C46*$F46 -> 87.6 | AIF46: =$C46*$F46 -> 87.6 | ... AIM46: =$C46*$F46 -> 87.6 | AIN46: =$C46*$G46 -> 102.2 | AIO46: =$C46*$G46 -> 102.2 | AIP46: =$C46*$G46 -> 102.2 | AIQ46: =$C46*$G46 -> 102.2 | AIR46: =$C46*$G46 -> 102.2 | AIS46: =$C46*$G46 -> 102.2 | AIT46: =$C46*$G46 -> 102.2 | AIU46: =$C46*$G46 -> 102.2 | ... AJI46: =$C46*$G46 -> 102.2 | AJJ46: =$C46*$E46 -> 73 | AJK46: =$C46*$E46 -> 73 | AJL46: =$C46*$E46 -> 73 | AJM46: =$C46*$E46 -> 73 | AJN46: =$C46*$E46 -> 73 | AJO46: =$C46*$E46 -> 73 | AJP46: =$C46*$E46 -> 73 | AJQ46: =$C46*$E46 -> 73 | ... AJW46: =$C46*$E46 -> 73 | AJX46: =$C46*$H46 -> 116.8 | AJY46: =$C46*$H46 -> 116.8 | AJZ46: =$C46*$H46 -> 116.8 | AKA46: =$C46*$H46 -> 116.8 | AKB46: =$C46*$H46 -> 116.8 | AKC46: =$C46*$H46 -> 116.8 | AKD46: =$C46*$H46 -> 116.8 | AKE46: =$C46*$H46 -> 116.8 | AKF46: =$C46*$H46 -> 116.8 | AKG46: =$C46*$E46 -> 73 | AKH46: =$C46*$E46 -> 73 | AKI46: =$C46*$E46 -> 73 | AKJ46: =$C46*$E46 -> 73 | AKK46: =$C46*$E46 -> 73 | AKL46: =$C46*$E46 -> 73 | AKM46: =$C46*$E46 -> 73 | AKN46: =$C46*$E46 -> 73 | ... ALP46: =$C46*$E46 -> 73 | ALQ46: =$C46*$E46/2 -> 36.5 | ALR46: =$C46*$E46/2 -> 36.5 | ALS46: =$C46*$E46/2 -> 36.5 | ALT46: =$C46*$E46/2 -> 36.5 | ALU46: =$C46*$E46/2 -> 36.5 | ALV46: =$C46*$E46/2 -> 36.5 | ALW46: =$C46*$E46/2 -> 36.5 | ALX46: =$C46*$E46/2 -> 36.5 | ... AMC46: =$C46*$E46/2 -> 36.5
B47: 263018-01 | C47: 大鳴門自転車道 鋼床版台座 9/15 | D47: 製作中 | E47: ①8/7②9初？③10初？ 75.344ｔ | F47: JFE | G47: 78 | AFV47: 図面受領 | AHG47: ①リスト | AHH47: 型鋼入り | AHK47: 型鋼切断 | AHL47: 原板引取 | AHM47: 型鋼切断 | AHN47: 型鋼切孔 | AHO47: 型鋼切孔 | AHR47: 型鋼孔明 | AHS47: 型鋼孔明 | AHT47: 切板予定 | AHU47: 罫書孔明 | AHV47: 罫書孔明 | AHY47: 罫書孔明 | AHZ47: 組立溶接 | AIA47: 組立溶接 | AIB47: 組立溶接 | AIC47: 組立溶接 | AIF47: 組立溶接 | AIG47: 組立溶接 | AIH47: 組立溶接 | AII47: ②保留解 | AIJ47: 溶接歪取 | AIK47: 溶接歪取 | AIM47: 溶接歪取 | AIN47: 溶接歪取 | AIO47: 溶接歪取 | AIP47: 溶接歪取 | AIQ47: 溶接歪取 | AIS47: ③保留中 | AIT47: 溶接歪取 | AIU47: 溶接歪取 | AIV47: 溶接歪取 | AIW47: 溶接歪取 | AIX47: 溶接歪取 | AIY47: ③保留中 | AJA47: 歪取仕上 | AJB47: 歪取仕上 | AJC47: 歪取仕上 | AJD47: 歪取仕上 | AJE47: 歪取仕上 | AJF47: 仕上げ | AJH47: メ前検査 | AJI47: 仕上げ | AJJ47: 仕上げ宵 | AJK47: ①納入？ | AJP47: ①メ前納 | AJS47: ②切板？ | AJV47: 罫書開先 | AJW47: 罫書開先 | AJX47: 罫書孔明 | AJY47: 罫書孔明 | AJZ47: 組立溶接 | AKC47: 組立溶接 | AKD47: 組立溶接 | AKE47: 組立溶接 | AKF47: ③切板？ | AKG47: 組立溶接 | AKH47: 組立溶接 | AKJ47: 組立溶接 | AKQ47: 組立溶接 | AKR47: 組立溶接 | AKS47: 溶接歪取 | AKT47: 溶接歪取 | AKU47: 溶接歪取 | AKX47: 溶接歪取 | AKY47: 溶接歪取 | AKZ47: 溶接歪取 | ALA47: 歪取仕上 | ALB47: 歪取仕上 | ALE47: 歪取仕上 | ALF47: 歪取仕上 | ALH47: 補修仕上 | ALI47: 補修仕上 | ALL47: 補修仕上 | ALM47: 補修仕上 | ALN47: 補修仕上 | ALO47: 補修仕上 | ALP47: 補修仕上 | ALS47: 補修仕上 | ALT47: 完成検査 | ALU47: 歪取仕上 | ALV47: 歪取仕上 | ALW47: 歪取仕上 | AMC47: 歪取仕上 | AMD47: 歪取仕上 | AME47: 歪取仕上 | AMF47: 歪取仕上 | AMH47: 歪取仕上 | AMI47: 歪取仕上 | AMJ47: 歪取仕上 | AMK47: 歪取仕上 | AML47: 歪取仕上 | AMM47: 歪取仕上 | AMN47: ③前納？
A48: 過去平均 | B48: 3500 | C48: 組立前 | D48: =SUM(I48:AIK48) -> 496 | E48: =SUM(D48/G48) -> #DIV/0! | H48: =SUM(I48:AMN48) -> 801 | AHK48: 4 | AHL48: 12 | AHM48: 10 | AHN48: 18 | AHO48: 38 | AHR48: 26 | AHS48: 23 | AHT48: 13 | AHU48: 20 | AHV48: 23 | AHY48: 48 | AHZ48: 40 | AIA48: 24 | AIB48: 42 | AIC48: 34 | AID48: 18 | AIF48: 27 | AIG48: 14 | AIH48: 20 | AII48: 20 | AIJ48: 16 | AIK48: 6 | AIL48: =INDEX([1]集計!$G:$AK,MATCH($B47,[1]集計!$A$1:$A$945,0)+0,MATCH(AIL$152,[1]集計!$G$2:$AK$2,0)) | AIM48: =INDEX([1]集計!$G:$AK,MATCH($B47,[1]集計!$A$1:$A$945,0)+0,MATCH(AIM$152,[1]集計!$G$2:$AK$2,0)) -> 10 | AIN48: =INDEX([1]集計!$G:$AK,MATCH($B47,[1]集計!$A$1:$A$945,0)+0,MATCH(AIN$152,[1]集計!$G$2:$AK$2,0)) -> 21 | AIO48: =INDEX([1]集計!$G:$AK,MATCH($B47,[1]集計!$A$1:$A$945,0)+0,MATCH(AIO$152,[1]集計!$G$2:$AK$2,0)) | AIP48: =INDEX([1]集計!$G:$AK,MATCH($B47,[1]集計!$A$1:$A$945,0)+0,MATCH(AIP$152,[1]集計!$G$2:$AK$2,0)) -> 8 | AIQ48: =INDEX([1]集計!$G:$AK,MATCH($B47,[1]集計!$A$1:$A$945,0)+0,MATCH(AIQ$152,[1]集計!$G$2:$AK$2,0)) -> 4 | AIR48: =INDEX([1]集計!$G:$AK,MATCH($B47,[1]集計!$A$1:$A$945,0)+0,MATCH(AIR$152,[1]集計!$G$2:$AK$2,0)) | AIS48: =INDEX([1]集計!$G:$AK,MATCH($B47,[1]集計!$A$1:$A$945,0)+0,MATCH(AIS$152,[1]集計!$G$2:$AK$2,0)) | AIT48: =INDEX([1]集計!$G:$AK,MATCH($B47,[1]集計!$A$1:$A$945,0)+0,MATCH(AIT$152,[1]集計!$G$2:$AK$2,0)) | AIU48: 6 | AJS48: 16 | AJV48: 24 | AJW48: 24 | AJX48: 24 | AJY48: 16 | AJZ48: 16 | AKC48: 16 | AKD48: 16 | AKE48: 16 | AKF48: 8 | AKG48: 8 | AKH48: 8 | AKJ48: 8 | AKQ48: 8 | AKR48: 8 | AKT48: 8 | AKU48: 8 | AKX48: 8 | AKY48: 8 | AKZ48: 8
A49: 製造予定 | B49: 7272 | C49: 組立 | D49: =SUM(I49:AIK49) -> 155 | E49: =SUM(D49/G49) -> #DIV/0! | H49: =SUM(I49:AMN49) -> 550 | AHY49: 8 | AHZ49: 8 | AIA49: 8 | AIC49: 5 | AID49: 8 | AIF49: 11 | AIG49: 12 | AIH49: 26 | AII49: 32 | AIJ49: 26 | AIK49: 11 | AIL49: =INDEX([1]集計!$G:$AK,MATCH($B47,[1]集計!$A$1:$A$945,0)+1,MATCH(AIL$152,[1]集計!$G$2:$AK$2,0)) | AIM49: =INDEX([1]集計!$G:$AK,MATCH($B47,[1]集計!$A$1:$A$945,0)+1,MATCH(AIM$152,[1]集計!$G$2:$AK$2,0)) -> 18 | AIN49: =INDEX([1]集計!$G:$AK,MATCH($B47,[1]集計!$A$1:$A$945,0)+1,MATCH(AIN$152,[1]集計!$G$2:$AK$2,0)) -> 12 | AIO49: =INDEX([1]集計!$G:$AK,MATCH($B47,[1]集計!$A$1:$A$945,0)+1,MATCH(AIO$152,[1]集計!$G$2:$AK$2,0)) -> 8 | AIP49: =INDEX([1]集計!$G:$AK,MATCH($B47,[1]集計!$A$1:$A$945,0)+1,MATCH(AIP$152,[1]集計!$G$2:$AK$2,0)) -> 10 | AIQ49: =INDEX([1]集計!$G:$AK,MATCH($B47,[1]集計!$A$1:$A$945,0)+1,MATCH(AIQ$152,[1]集計!$G$2:$AK$2,0)) -> 7 | AIR49: =INDEX([1]集計!$G:$AK,MATCH($B47,[1]集計!$A$1:$A$945,0)+1,MATCH(AIR$152,[1]集計!$G$2:$AK$2,0)) | AIS49: =INDEX([1]集計!$G:$AK,MATCH($B47,[1]集計!$A$1:$A$945,0)+1,MATCH(AIS$152,[1]集計!$G$2:$AK$2,0)) | AIT49: =INDEX([1]集計!$G:$AK,MATCH($B47,[1]集計!$A$1:$A$945,0)+1,MATCH(AIT$152,[1]集計!$G$2:$AK$2,0)) -> 7 | AIU49: 5 | AJY49: 16 | AJZ49: 16 | AKC49: 16 | AKD49: 16 | AKE49: 16 | AKF49: 8 | AKG49: 8 | AKH49: 8 | AKJ49: 8 | AKQ49: 8 | AKR49: 8 | AKS49: 16 | AKT49: 16 | AKU49: 16 | AKX49: 16 | AKY49: 16 | AKZ49: 16 | ALA49: 16 | ALB49: 16 | ALE49: 16 | ALF49: 16 | ALH49: 8 | ALI49: 8 | ALL49: 8 | ALM49: 8 | ALN49: 8
A50: 営業予定 | B50: 3268 | C50: 溶接 | D50: =SUM(I50:AIK50) -> 305 | E50: =SUM(D50/G50) -> #DIV/0! | H50: =SUM(I50:AMN50) -> 1217 | AHZ50: 11 | AIA50: 27 | AIB50: 35 | AIC50: 29 | AID50: 16 | AIF50: 37 | AIG50: 40 | AIH50: 22 | AII50: 40 | AIJ50: 26 | AIK50: 22 | AIL50: =INDEX([1]集計!$G:$AK,MATCH($B47,[1]集計!$A$1:$A$945,0)+2,MATCH(AIL$152,[1]集計!$G$2:$AK$2,0)) | AIM50: =INDEX([1]集計!$G:$AK,MATCH($B47,[1]集計!$A$1:$A$945,0)+2,MATCH(AIM$152,[1]集計!$G$2:$AK$2,0)) -> 40 | AIN50: =INDEX([1]集計!$G:$AK,MATCH($B47,[1]集計!$A$1:$A$945,0)+2,MATCH(AIN$152,[1]集計!$G$2:$AK$2,0)) -> 42 | AIO50: =INDEX([1]集計!$G:$AK,MATCH($B47,[1]集計!$A$1:$A$945,0)+2,MATCH(AIO$152,[1]集計!$G$2:$AK$2,0)) -> 43 | AIP50: =INDEX([1]集計!$G:$AK,MATCH($B47,[1]集計!$A$1:$A$945,0)+2,MATCH(AIP$152,[1]集計!$G$2:$AK$2,0)) -> 58 | AIQ50: =INDEX([1]集計!$G:$AK,MATCH($B47,[1]集計!$A$1:$A$945,0)+2,MATCH(AIQ$152,[1]集計!$G$2:$AK$2,0)) -> 63 | AIR50: =INDEX([1]集計!$G:$AK,MATCH($B47,[1]集計!$A$1:$A$945,0)+2,MATCH(AIR$152,[1]集計!$G$2:$AK$2,0)) -> 34 | AIS50: =INDEX([1]集計!$G:$AK,MATCH($B47,[1]集計!$A$1:$A$945,0)+2,MATCH(AIS$152,[1]集計!$G$2:$AK$2,0)) | AIT50: =INDEX([1]集計!$G:$AK,MATCH($B47,[1]集計!$A$1:$A$945,0)+2,MATCH(AIT$152,[1]集計!$G$2:$AK$2,0)) -> 46 | AIU50: 18 | AIV50: 24 | AIW50: 24 | AIX50: 24 | AKF50: 24 | AKG50: 24 | AKH50: 24 | AKJ50: 24 | AKQ50: 24 | AKR50: 24 | AKS50: 16 | AKT50: 24 | AKU50: 24 | AKX50: 24 | AKY50: 24 | AKZ50: 24 | ALA50: 24 | ALB50: 24 | ALE50: 24 | ALF50: 24 | ALG50: 24 | ALH50: 16 | ALI50: 16 | ALL50: 16 | ALM50: 16 | ALN50: 16 | ALO50: 16
B51: 実数時間 | C51: 歪取り | D51: =SUM(I51:AIK51) -> 8 | E51: =SUM(D51/G51) -> #DIV/0! | H51: =SUM(I51:AMN51) -> 314 | AIJ51: 4 | AIK51: 4 | AIL51: =INDEX([1]集計!$G:$AK,MATCH($B47,[1]集計!$A$1:$A$945,0)+3,MATCH(AIL$152,[1]集計!$G$2:$AK$2,0)) | AIM51: =INDEX([1]集計!$G:$AK,MATCH($B47,[1]集計!$A$1:$A$945,0)+3,MATCH(AIM$152,[1]集計!$G$2:$AK$2,0)) -> 4 | AIN51: =INDEX([1]集計!$G:$AK,MATCH($B47,[1]集計!$A$1:$A$945,0)+3,MATCH(AIN$152,[1]集計!$G$2:$AK$2,0)) | AIO51: =INDEX([1]集計!$G:$AK,MATCH($B47,[1]集計!$A$1:$A$945,0)+3,MATCH(AIO$152,[1]集計!$G$2:$AK$2,0)) -> 2 | AIP51: =INDEX([1]集計!$G:$AK,MATCH($B47,[1]集計!$A$1:$A$945,0)+3,MATCH(AIP$152,[1]集計!$G$2:$AK$2,0)) | AIQ51: =INDEX([1]集計!$G:$AK,MATCH($B47,[1]集計!$A$1:$A$945,0)+3,MATCH(AIQ$152,[1]集計!$G$2:$AK$2,0)) -> 4 | AIR51: =INDEX([1]集計!$G:$AK,MATCH($B47,[1]集計!$A$1:$A$945,0)+3,MATCH(AIR$152,[1]集計!$G$2:$AK$2,0)) | AIS51: =INDEX([1]集計!$G:$AK,MATCH($B47,[1]集計!$A$1:$A$945,0)+3,MATCH(AIS$152,[1]集計!$G$2:$AK$2,0)) | AIT51: =INDEX([1]集計!$G:$AK,MATCH($B47,[1]集計!$A$1:$A$945,0)+3,MATCH(AIT$152,[1]集計!$G$2:$AK$2,0)) -> 8 | AIU51: 8 | AIV51: 8 | AIW51: 8 | AIX51: 8 | AJA51: 8 | AJB51: 8 | AJC51: 8 | AJD51: 8 | AJE51: 8 | AJF51: 8 | AKS51: 8 | AKT51: 8 | AKU51: 8 | AKX51: 8 | AKY51: 8 | AKZ51: 8 | ALA51: 8 | ALB51: 8 | ALE51: 8 | ALF51: 8 | ALG51: 8 | ALH51: 8 | ALI51: 8 | ALL51: 8 | ALM51: 8 | ALN51: 8 | ALP51: 8 | ALS51: 8 | ALT51: 8 | ALU51: 8 | ALV51: 8 | ALW51: 8 | AMC51: 8 | AMD51: 8 | AME51: 8 | AMF51: 8
B52: =D54 -> 964 | C52: 塗装 | D52: =SUM(I52:AIK52) -> 0 | E52: =SUM(D52/G52) -> #DIV/0! | H52: =SUM(I52:AMN52) -> 0 | AIL52: =INDEX([1]集計!$G:$AK,MATCH($B47,[1]集計!$A$1:$A$945,0)+4,MATCH(AIL$152,[1]集計!$G$2:$AK$2,0)) | AIM52: =INDEX([1]集計!$G:$AK,MATCH($B47,[1]集計!$A$1:$A$945,0)+4,MATCH(AIM$152,[1]集計!$G$2:$AK$2,0)) | AIN52: =INDEX([1]集計!$G:$AK,MATCH($B47,[1]集計!$A$1:$A$945,0)+4,MATCH(AIN$152,[1]集計!$G$2:$AK$2,0)) | AIO52: =INDEX([1]集計!$G:$AK,MATCH($B47,[1]集計!$A$1:$A$945,0)+4,MATCH(AIO$152,[1]集計!$G$2:$AK$2,0)) | AIP52: =INDEX([1]集計!$G:$AK,MATCH($B47,[1]集計!$A$1:$A$945,0)+4,MATCH(AIP$152,[1]集計!$G$2:$AK$2,0)) | AIQ52: =INDEX([1]集計!$G:$AK,MATCH($B47,[1]集計!$A$1:$A$945,0)+4,MATCH(AIQ$152,[1]集計!$G$2:$AK$2,0)) | AIR52: =INDEX([1]集計!$G:$AK,MATCH($B47,[1]集計!$A$1:$A$945,0)+4,MATCH(AIR$152,[1]集計!$G$2:$AK$2,0)) | AIS52: =INDEX([1]集計!$G:$AK,MATCH($B47,[1]集計!$A$1:$A$945,0)+4,MATCH(AIS$152,[1]集計!$G$2:$AK$2,0)) | AIT52: =INDEX([1]集計!$G:$AK,MATCH($B47,[1]集計!$A$1:$A$945,0)+4,MATCH(AIT$152,[1]集計!$G$2:$AK$2,0))
A53: 目標比率 | B53: =SUM(B52/(B48*E55/100)) -> 2.2211982 | C53: 仕上げ | D53: =SUM(I53:AIK53) -> 0 | E53: =SUM(D53/G53) -> #DIV/0! | H53: =SUM(I53:AMN53) -> 441 | AIL53: =INDEX([1]集計!$G:$AK,MATCH($B47,[1]集計!$A$1:$A$945,0)+5,MATCH(AIL$152,[1]集計!$G$2:$AK$2,0)) | AIM53: =INDEX([1]集計!$G:$AK,MATCH($B47,[1]集計!$A$1:$A$945,0)+5,MATCH(AIM$152,[1]集計!$G$2:$AK$2,0)) -> 3 | AIN53: =INDEX([1]集計!$G:$AK,MATCH($B47,[1]集計!$A$1:$A$945,0)+5,MATCH(AIN$152,[1]集計!$G$2:$AK$2,0)) -> 8 | AIO53: =INDEX([1]集計!$G:$AK,MATCH($B47,[1]集計!$A$1:$A$945,0)+5,MATCH(AIO$152,[1]集計!$G$2:$AK$2,0)) -> 4 | AIP53: =INDEX([1]集計!$G:$AK,MATCH($B47,[1]集計!$A$1:$A$945,0)+5,MATCH(AIP$152,[1]集計!$G$2:$AK$2,0)) -> 8 | AIQ53: =INDEX([1]集計!$G:$AK,MATCH($B47,[1]集計!$A$1:$A$945,0)+5,MATCH(AIQ$152,[1]集計!$G$2:$AK$2,0)) -> 8 | AIR53: =INDEX([1]集計!$G:$AK,MATCH($B47,[1]集計!$A$1:$A$945,0)+5,MATCH(AIR$152,[1]集計!$G$2:$AK$2,0)) | AIS53: =INDEX([1]集計!$G:$AK,MATCH($B47,[1]集計!$A$1:$A$945,0)+5,MATCH(AIS$152,[1]集計!$G$2:$AK$2,0)) | AIT53: =INDEX([1]集計!$G:$AK,MATCH($B47,[1]集計!$A$1:$A$945,0)+5,MATCH(AIT$152,[1]集計!$G$2:$AK$2,0)) -> 8 | AIU53: 10 | AIV53: 8 | AIW53: 8 | AIX53: 8 | AJA53: 8 | AJB53: 8 | AJC53: 8 | AJD53: 8 | AJE53: 8 | AJF53: 8 | AJH53: 8 | AJI53: 8 | AJJ53: 8 | AKU53: 8 | AKX53: 8 | AKY53: 8 | AKZ53: 8 | ALA53: 8 | ALB53: 8 | ALE53: 8 | ALF53: 8 | ALG53: 8 | ALH53: 8 | ALI53: 8 | ALL53: 8 | ALM53: 8 | ALN53: 8 | ALO53: 8 | ALP53: 16 | ALS53: 16 | ALT53: 16 | ALU53: 16 | ALV53: 16 | ALW53: 16 | AMC53: 8 | AMD53: 8 | AME53: 8 | AMF53: 8 | AMH53: 8 | AMI53: 8 | AMJ53: 8 | AML53: 8 | AMM53: 8 | AMN53: 8
A54: 目標比率 | B54: =SUM(B52/(B49*E55/100)) -> 1.0690585 | C54: 小計 | D54: =SUM(D48:D53) -> 964 | E54: 75.344 | H54: =SUM(H48:H53) -> 3323 | AHG54: =SUM(AHG48:AHG53) -> 0 | AHH54: =SUM(AHH48:AHH53) -> 0 | AHI54: =SUM(AHI48:AHI53) -> 0 | AHJ54: =SUM(AHJ48:AHJ53) -> 0 | AHK54: =SUM(AHK48:AHK53) -> 4 | AHL54: =SUM(AHL48:AHL53) -> 12 | AHM54: =SUM(AHM48:AHM53) -> 10 | AHN54: =SUM(AHN48:AHN53) -> 18 | ... AIO54: =SUM(AIO48:AIO53) -> 57
A55: 目標比率 | B55: =SUM(B52/(B50*E55/100)) -> 2.3788842 | C55: =SUM(B52/(E54*E55/100)) -> 103.18265 | D55: H | E55: 12.4 | F55: 1.3 | AHG55: 組前 | AHI55: =SUM(AHG48:AIK48) -> 496 | AHK55: 組立 | AHM55: =SUM(AHG49:AIK49) -> 155 | AHO55: 溶接 | AHQ55: =SUM(AHG50:AIK50) -> 305 | AHS55: 歪取 | AHU55: =SUM(AHG51:AIK51) -> 8 | AHW55: 塗装 | AHY55: =SUM(AHG52:AIK52) -> 0 | AIA55: 仕上 | AIC55: =SUM(AHG53:AIK53) -> 0 | AIE55: 合計 | AIG55: =SUM(AHG54:AIK54) -> 964
B56: 面積 | C56: 65.91 | E56: 2.5 | F56: 3 | G56: 3.5 | H56: 4 | AHH56: =$C56*$E56/4 -> 41.19375 | AHI56: =$C56*$E56/4 -> 41.19375 | AHJ56: =$C56*$E56/4 -> 41.19375 | AHK56: =$C56*$E56/4 -> 41.19375 | AHL56: =$C56*$E56/4 -> 41.19375 | AHM56: =$C56*$E56/4 -> 41.19375 | AHN56: =$C56*$E56/4 -> 41.19375 | AHO56: =$C56*$E56/4 -> 41.19375 | ... AHS56: =$C56*$E56/4 -> 41.19375 | AHT56: =$C56*$E56/3 -> 54.925 | AHU56: =$C56*$E56/3 -> 54.925 | AHV56: =$C56*$E56/3 -> 54.925 | AHW56: =$C56*$E56/3 -> 54.925 | AHX56: =$C56*$E56/3 -> 54.925 | AHY56: =$C56*$E56/3 -> 54.925 | AHZ56: =$C56*$E56/3 -> 54.925 | AIA56: =$C56*$E56/3 -> 54.925 | ... AJJ56: =$C56*$E56/3 -> 54.925 | AJS56: =$C56*$E56/3 -> 54.925 | AJT56: =$C56*$E56/3 -> 54.925 | AJU56: =$C56*$E56/3 -> 54.925 | AJV56: =$C56*$E56/3 -> 54.925 | AJW56: =$C56*$E56/3 -> 54.925 | AJX56: =$C56*$E56/3 -> 54.925 | AJY56: =$C56*$E56/3 -> 54.925 | AJZ56: =$C56*$E56/3 -> 54.925 | ... AKB56: =$C56*$E56/3 -> 54.925 | AKC56: =$C56*$F56*0.66 -> 130.5018 | AKD56: =$C56*$F56*0.66 -> 130.5018 | AKE56: =$C56*$F56*0.66 -> 130.5018 | AKF56: =$C56*$F56*0.66 -> 130.5018 | AKG56: =$C56*$F56*0.66 -> 130.5018 | AKH56: =$C56*$F56*0.66 -> 130.5018 | AKI56: =$C56*$F56*0.66 -> 130.5018 | AKJ56: =$C56*$F56*0.66 -> 130.5018 | ... ALJ56: =$C56*$F56*0.66 -> 130.5018 | ALK56: =$C56*$F56*0.33 -> 65.2509 | ALL56: =$C56*$F56*0.33 -> 65.2509 | ALM56: =$C56*$F56*0.33 -> 65.2509 | ALN56: =$C56*$F56*0.33 -> 65.2509 | ALO56: =$C56*$F56*0.33 -> 65.2509 | ALP56: =$C56*$F56*0.33 -> 65.2509 | ALQ56: =$C56*$F56*0.33 -> 65.2509 | ALR56: =$C56*$F56*0.33 -> 65.2509 | ... AMN56: =$C56*$F56*0.33 -> 65.2509
B57: 246017 | C57: 国道7号西山崎地区 9/14 | D57: 製作中 | E57: 21.571ｔ | F57: カナデビア | G57: 2 | ABO57: 出図 | ACS57: 質疑① | ACY57: 質疑① | ADG57: 質疑① | ADM57: 質疑① | AEA57: 質疑① | AEI57: 質疑① | AEO57: 質疑① | AFD57: 質疑① | AFK57: 質疑① | AFR57: リスト予 | AGW57: 材料入？ | AHO57: 切板予定 | AHR57: 罫書切断 | AHS57: 罫書切断 | AHT57: 罫書切断 | AHU57: 罫書切断 | AHV57: 罫書切断 | AHY57: 切断削り | AHZ57: 削り板継 | AIA57: 削板継W | AIB57: 削り仕上 | AIC57: 2R | AIF57: UT検査 | AII57: 小組 | AIJ57: 小組 | AIM57: 小組 | AIN57: 仕上 | AIO57: 仕上 | AIP57: 小W | AIQ57: 小W | AIT57: 小W歪 | AIU57: 小W歪 | AIV57: 小W歪 | AIW57: 小歪大組 | AIX57: 塗料入予 | AJA57: 大組 | AJB57: 大組 | AJC57: 大組W | AJD57: 大組W | AJE57: 大組W | AJF57: 大組W | AJH57: 大組W | AJI57: 大組W | AJJ57: スタッド | AJK57: 大歪 | AJL57: 大歪 | AJP57: 仕上げ | AJQ57: 仕上げ | AJR57: 仕上げ | AJS57: J | AJV57: J | AJW57: J | AJX57: 仕上げ | AJY57: 仕上げ | AJZ57: 塗前検？ | AKD57: ブラスト | AKE57: 戻り | AKF57: 塗装 | AKG57: 塗装 | AKH57: 塗装 | AKJ57: 塗装 | AKQ57: 塗装 | AKR57: 塗装 | AKS57: 塗装 | AKT57: ミシール | AKU57: 圧縮 | AKX57: 仕上げ | AKY57: 仕上げ | AKZ57: 仕上げ | ALA57: 仕上げ | ALB57: 完成検? | ALE57: 出荷待ち | ALF57: 出荷待ち | ALG57: 出荷待ち | ALH57: 出荷待ち | ALI57: 出荷待ち | ALL57: 出荷待ち | ALM57: 出荷待ち | ALN57: 出荷待ち | ALO57: 出荷待ち | ALP57: 出荷待ち | ALS57: 現場納入
A58: 過去平均 | B58: =G64 -> 632.67271 | C58: 組立前 | D58: =SUM(I58:AIK58) -> 136 | E58: =SUM(D58/G58) -> 0.86329745 | G58: =G64*0.249 -> 157.5355 | H58: =SUM(I58:AMI58) -> 195 | AHO58: 2 | AHR58: 6 | AHS58: 8 | AHT58: 10 | AHU58: 16 | AHV58: 12 | AHY58: 6 | AHZ58: 6 | AIA58: 16 | AIB58: 18 | AIC58: 14 | AID58: 2 | AII58: 2 | AIJ58: 18 | AIL58: =INDEX([1]集計!$G:$AK,MATCH($B57,[1]集計!$A$1:$A$945,0)+0,MATCH(AIL$152,[1]集計!$G$2:$AK$2,0)) | AIM58: =INDEX([1]集計!$G:$AK,MATCH($B57,[1]集計!$A$1:$A$945,0)+0,MATCH(AIM$152,[1]集計!$G$2:$AK$2,0)) -> 28 | AIN58: =INDEX([1]集計!$G:$AK,MATCH($B57,[1]集計!$A$1:$A$945,0)+0,MATCH(AIN$152,[1]集計!$G$2:$AK$2,0)) -> 20 | AIO58: =INDEX([1]集計!$G:$AK,MATCH($B57,[1]集計!$A$1:$A$945,0)+0,MATCH(AIO$152,[1]集計!$G$2:$AK$2,0)) -> 7 | AIP58: =INDEX([1]集計!$G:$AK,MATCH($B57,[1]集計!$A$1:$A$945,0)+0,MATCH(AIP$152,[1]集計!$G$2:$AK$2,0)) -> 4 | AIQ58: =INDEX([1]集計!$G:$AK,MATCH($B57,[1]集計!$A$1:$A$945,0)+0,MATCH(AIQ$152,[1]集計!$G$2:$AK$2,0)) | AIR58: =INDEX([1]集計!$G:$AK,MATCH($B57,[1]集計!$A$1:$A$945,0)+0,MATCH(AIR$152,[1]集計!$G$2:$AK$2,0)) | AIS58: =INDEX([1]集計!$G:$AK,MATCH($B57,[1]集計!$A$1:$A$945,0)+0,MATCH(AIS$152,[1]集計!$G$2:$AK$2,0)) | ... AIU58: =INDEX([1]集計!$G:$AK,MATCH($B57,[1]集計!$A$1:$A$945,0)+0,MATCH(AIU$152,[1]集計!$G$2:$AK$2,0))
A59: 製造予定 | B59: 865 | C59: 組立 | D59: =SUM(I59:AIK59) -> 47 | E59: =SUM(D59/G59) -> 0.48238971 | G59: =G64*0.154 -> 97.431597 | H59: =SUM(I59:AMI59) -> 103 | AHY59: 6 | AHZ59: 7 | AIG59: 5 | AIH59: 8 | AII59: 11 | AIJ59: 10 | AIL59: =INDEX([1]集計!$G:$AK,MATCH($B57,[1]集計!$A$1:$A$945,0)+1,MATCH(AIL$152,[1]集計!$G$2:$AK$2,0)) | AIM59: =INDEX([1]集計!$G:$AK,MATCH($B57,[1]集計!$A$1:$A$945,0)+1,MATCH(AIM$152,[1]集計!$G$2:$AK$2,0)) -> 7 | AIN59: =INDEX([1]集計!$G:$AK,MATCH($B57,[1]集計!$A$1:$A$945,0)+1,MATCH(AIN$152,[1]集計!$G$2:$AK$2,0)) -> 3 | AIO59: =INDEX([1]集計!$G:$AK,MATCH($B57,[1]集計!$A$1:$A$945,0)+1,MATCH(AIO$152,[1]集計!$G$2:$AK$2,0)) -> 8 | AIP59: =INDEX([1]集計!$G:$AK,MATCH($B57,[1]集計!$A$1:$A$945,0)+1,MATCH(AIP$152,[1]集計!$G$2:$AK$2,0)) | AIQ59: =INDEX([1]集計!$G:$AK,MATCH($B57,[1]集計!$A$1:$A$945,0)+1,MATCH(AIQ$152,[1]集計!$G$2:$AK$2,0)) | AIR59: =INDEX([1]集計!$G:$AK,MATCH($B57,[1]集計!$A$1:$A$945,0)+1,MATCH(AIR$152,[1]集計!$G$2:$AK$2,0)) | AIS59: =INDEX([1]集計!$G:$AK,MATCH($B57,[1]集計!$A$1:$A$945,0)+1,MATCH(AIS$152,[1]集計!$G$2:$AK$2,0)) | ... AIU59: =INDEX([1]集計!$G:$AK,MATCH($B57,[1]集計!$A$1:$A$945,0)+1,MATCH(AIU$152,[1]集計!$G$2:$AK$2,0)) -> 6 | AIX59: 8 | AJA59: 8 | AJB59: 8 | AJL59: 4 | AJP59: 4
